INSERT INTO camera VALUES (DEFAULT);
INSERT INTO camera VALUES (DEFAULT);
INSERT INTO camera VALUES (DEFAULT);
INSERT INTO camera VALUES (DEFAULT);
INSERT INTO camera VALUES (DEFAULT);
INSERT INTO camera VALUES (DEFAULT);
INSERT INTO camera VALUES (DEFAULT);
INSERT INTO camera VALUES (DEFAULT);
INSERT INTO camera VALUES (DEFAULT);
INSERT INTO camera VALUES (DEFAULT);
INSERT INTO camera VALUES (DEFAULT);
INSERT INTO camera VALUES (DEFAULT);
INSERT INTO camera VALUES (DEFAULT);
INSERT INTO camera VALUES (DEFAULT);
INSERT INTO camera VALUES (DEFAULT);
INSERT INTO camera VALUES (DEFAULT);
INSERT INTO camera VALUES (DEFAULT);
INSERT INTO camera VALUES (DEFAULT);
INSERT INTO camera VALUES (DEFAULT);
INSERT INTO camera VALUES (DEFAULT);
INSERT INTO camera VALUES (DEFAULT);
INSERT INTO camera VALUES (DEFAULT);
INSERT INTO camera VALUES (DEFAULT);
INSERT INTO camera VALUES (DEFAULT);
INSERT INTO camera VALUES (DEFAULT);
INSERT INTO camera VALUES (DEFAULT);
INSERT INTO camera VALUES (DEFAULT);
INSERT INTO camera VALUES (DEFAULT);
INSERT INTO camera VALUES (DEFAULT);
INSERT INTO camera VALUES (DEFAULT);
INSERT INTO camera VALUES (DEFAULT);
INSERT INTO camera VALUES (DEFAULT);
INSERT INTO camera VALUES (DEFAULT);
INSERT INTO camera VALUES (DEFAULT);
INSERT INTO camera VALUES (DEFAULT);
INSERT INTO camera VALUES (DEFAULT);
INSERT INTO camera VALUES (DEFAULT);
INSERT INTO camera VALUES (DEFAULT);
INSERT INTO camera VALUES (DEFAULT);
INSERT INTO camera VALUES (DEFAULT);
INSERT INTO camera VALUES (DEFAULT);
INSERT INTO camera VALUES (DEFAULT);
INSERT INTO camera VALUES (DEFAULT);
INSERT INTO camera VALUES (DEFAULT);
INSERT INTO camera VALUES (DEFAULT);
INSERT INTO camera VALUES (DEFAULT);
INSERT INTO camera VALUES (DEFAULT);
INSERT INTO camera VALUES (DEFAULT);
INSERT INTO camera VALUES (DEFAULT);
INSERT INTO camera VALUES (DEFAULT);
INSERT INTO camera VALUES (DEFAULT);
INSERT INTO camera VALUES (DEFAULT);
INSERT INTO camera VALUES (DEFAULT);
INSERT INTO camera VALUES (DEFAULT);
INSERT INTO camera VALUES (DEFAULT);
INSERT INTO camera VALUES (DEFAULT);
INSERT INTO camera VALUES (DEFAULT);
INSERT INTO camera VALUES (DEFAULT);
INSERT INTO camera VALUES (DEFAULT);
INSERT INTO camera VALUES (DEFAULT);
INSERT INTO camera VALUES (DEFAULT);
INSERT INTO camera VALUES (DEFAULT);
INSERT INTO camera VALUES (DEFAULT);
INSERT INTO camera VALUES (DEFAULT);
INSERT INTO camera VALUES (DEFAULT);
INSERT INTO camera VALUES (DEFAULT);
INSERT INTO camera VALUES (DEFAULT);
INSERT INTO camera VALUES (DEFAULT);
INSERT INTO camera VALUES (DEFAULT);
INSERT INTO camera VALUES (DEFAULT);
INSERT INTO camera VALUES (DEFAULT);
INSERT INTO camera VALUES (DEFAULT);
INSERT INTO camera VALUES (DEFAULT);
INSERT INTO camera VALUES (DEFAULT);
INSERT INTO camera VALUES (DEFAULT);
INSERT INTO camera VALUES (DEFAULT);
INSERT INTO camera VALUES (DEFAULT);
INSERT INTO camera VALUES (DEFAULT);
INSERT INTO camera VALUES (DEFAULT);
INSERT INTO camera VALUES (DEFAULT);
INSERT INTO camera VALUES (DEFAULT);
INSERT INTO camera VALUES (DEFAULT);
INSERT INTO camera VALUES (DEFAULT);
INSERT INTO camera VALUES (DEFAULT);
INSERT INTO camera VALUES (DEFAULT);
INSERT INTO camera VALUES (DEFAULT);
INSERT INTO camera VALUES (DEFAULT);
INSERT INTO camera VALUES (DEFAULT);
INSERT INTO camera VALUES (DEFAULT);
INSERT INTO camera VALUES (DEFAULT);
INSERT INTO camera VALUES (DEFAULT);
INSERT INTO camera VALUES (DEFAULT);
INSERT INTO camera VALUES (DEFAULT);
INSERT INTO camera VALUES (DEFAULT);
INSERT INTO camera VALUES (DEFAULT);
INSERT INTO camera VALUES (DEFAULT);
INSERT INTO camera VALUES (DEFAULT);
INSERT INTO camera VALUES (DEFAULT);
INSERT INTO camera VALUES (DEFAULT);
INSERT INTO camera VALUES (DEFAULT);

INSERT INTO video VALUES ('2018-07-05 20:41:44', '2018-07-05 20:46:44', 1);
INSERT INTO video VALUES ('2018-07-20 10:24:16', '2018-07-20 10:29:16', 2);
INSERT INTO video VALUES ('2018-06-30 14:28:20', '2018-06-30 14:33:20', 3);
INSERT INTO video VALUES ('2018-06-08 00:11:06', '2018-06-08 00:16:06', 4);
INSERT INTO video VALUES ('2018-06-28 00:32:35', '2018-06-28 00:37:35', 5);
INSERT INTO video VALUES ('2018-06-05 07:47:03', '2018-06-05 07:52:03', 6);
INSERT INTO video VALUES ('2018-09-23 21:23:20', '2018-09-23 21:28:20', 7);
INSERT INTO video VALUES ('2018-06-14 16:46:09', '2018-06-14 16:51:09', 8);
INSERT INTO video VALUES ('2018-07-04 15:32:44', '2018-07-04 15:37:44', 9);
INSERT INTO video VALUES ('2018-09-18 05:52:28', '2018-09-18 05:57:28', 10);
INSERT INTO video VALUES ('2018-08-13 05:15:15', '2018-08-13 05:20:15', 11);
INSERT INTO video VALUES ('2018-06-11 08:16:57', '2018-06-11 08:21:57', 12);
INSERT INTO video VALUES ('2018-07-08 15:30:57', '2018-07-08 15:35:57', 13);
INSERT INTO video VALUES ('2018-08-23 03:30:57', '2018-08-23 03:35:57', 14);
INSERT INTO video VALUES ('2018-07-22 16:24:09', '2018-07-22 16:29:09', 15);
INSERT INTO video VALUES ('2018-08-29 22:22:29', '2018-08-29 22:27:29', 16);
INSERT INTO video VALUES ('2018-06-15 07:35:31', '2018-06-15 07:40:31', 17);
INSERT INTO video VALUES ('2018-08-05 07:25:15', '2018-08-05 07:30:15', 18);
INSERT INTO video VALUES ('2018-09-24 00:16:29', '2018-09-24 00:21:29', 19);
INSERT INTO video VALUES ('2018-08-07 02:54:30', '2018-08-07 02:59:30', 20);
INSERT INTO video VALUES ('2018-07-22 21:48:27', '2018-07-22 21:53:27', 21);
INSERT INTO video VALUES ('2018-07-24 00:31:49', '2018-07-24 00:36:49', 22);
INSERT INTO video VALUES ('2018-06-08 05:49:45', '2018-06-08 05:54:45', 23);
INSERT INTO video VALUES ('2018-07-15 22:11:58', '2018-07-15 22:16:58', 24);
INSERT INTO video VALUES ('2018-09-29 01:33:31', '2018-09-29 01:38:31', 25);
INSERT INTO video VALUES ('2018-06-06 04:50:50', '2018-06-06 04:55:50', 26);
INSERT INTO video VALUES ('2018-09-23 08:22:20', '2018-09-23 08:27:20', 27);
INSERT INTO video VALUES ('2018-09-23 15:18:42', '2018-09-23 15:23:42', 28);
INSERT INTO video VALUES ('2018-07-22 17:10:52', '2018-07-22 17:15:52', 29);
INSERT INTO video VALUES ('2018-06-12 07:23:29', '2018-06-12 07:28:29', 30);
INSERT INTO video VALUES ('2018-07-27 05:42:20', '2018-07-27 05:47:20', 31);
INSERT INTO video VALUES ('2018-09-24 02:25:08', '2018-09-24 02:30:08', 32);
INSERT INTO video VALUES ('2018-09-09 07:40:38', '2018-09-09 07:45:38', 33);
INSERT INTO video VALUES ('2018-07-12 13:16:36', '2018-07-12 13:21:36', 34);
INSERT INTO video VALUES ('2018-07-23 10:44:11', '2018-07-23 10:49:11', 35);
INSERT INTO video VALUES ('2018-08-18 15:23:24', '2018-08-18 15:28:24', 36);
INSERT INTO video VALUES ('2018-08-21 18:44:10', '2018-08-21 18:49:10', 37);
INSERT INTO video VALUES ('2018-09-28 14:45:37', '2018-09-28 14:50:37', 38);
INSERT INTO video VALUES ('2018-08-05 18:45:17', '2018-08-05 18:50:17', 39);
INSERT INTO video VALUES ('2018-07-26 23:11:06', '2018-07-26 23:16:06', 40);
INSERT INTO video VALUES ('2018-07-03 02:35:11', '2018-07-03 02:40:11', 41);
INSERT INTO video VALUES ('2018-09-11 18:47:02', '2018-09-11 18:52:02', 42);
INSERT INTO video VALUES ('2018-06-20 02:31:42', '2018-06-20 02:36:42', 43);
INSERT INTO video VALUES ('2018-09-30 04:42:10', '2018-09-30 04:47:10', 44);
INSERT INTO video VALUES ('2018-07-17 23:37:08', '2018-07-17 23:42:08', 45);
INSERT INTO video VALUES ('2018-07-04 08:14:21', '2018-07-04 08:19:21', 46);
INSERT INTO video VALUES ('2018-09-10 01:28:32', '2018-09-10 01:33:32', 47);
INSERT INTO video VALUES ('2018-09-30 15:35:24', '2018-09-30 15:40:24', 48);
INSERT INTO video VALUES ('2018-09-17 19:30:02', '2018-09-17 19:35:02', 49);
INSERT INTO video VALUES ('2018-08-13 21:48:06', '2018-08-13 21:53:06', 50);
INSERT INTO video VALUES ('2018-09-17 08:19:52', '2018-09-17 08:24:52', 51);
INSERT INTO video VALUES ('2018-08-26 00:21:29', '2018-08-26 00:26:29', 52);
INSERT INTO video VALUES ('2018-08-25 04:20:42', '2018-08-25 04:25:42', 53);
INSERT INTO video VALUES ('2018-07-03 14:36:15', '2018-07-03 14:41:15', 54);
INSERT INTO video VALUES ('2018-06-06 17:33:49', '2018-06-06 17:38:49', 55);
INSERT INTO video VALUES ('2018-07-01 14:30:38', '2018-07-01 14:35:38', 56);
INSERT INTO video VALUES ('2018-09-25 02:39:36', '2018-09-25 02:44:36', 57);
INSERT INTO video VALUES ('2018-08-07 03:27:41', '2018-08-07 03:32:41', 58);
INSERT INTO video VALUES ('2018-08-03 14:16:11', '2018-08-03 14:21:11', 59);
INSERT INTO video VALUES ('2018-07-01 12:10:00', '2018-07-01 12:15:00', 60);
INSERT INTO video VALUES ('2018-08-12 10:49:48', '2018-08-12 10:54:48', 61);
INSERT INTO video VALUES ('2018-09-21 00:38:45', '2018-09-21 00:43:45', 62);
INSERT INTO video VALUES ('2018-09-03 21:47:40', '2018-09-03 21:52:40', 63);
INSERT INTO video VALUES ('2018-09-27 10:24:12', '2018-09-27 10:29:12', 64);
INSERT INTO video VALUES ('2018-06-09 22:48:56', '2018-06-09 22:53:56', 65);
INSERT INTO video VALUES ('2018-09-22 11:50:59', '2018-09-22 11:55:59', 66);
INSERT INTO video VALUES ('2018-07-23 19:14:35', '2018-07-23 19:19:35', 67);
INSERT INTO video VALUES ('2018-07-30 03:33:42', '2018-07-30 03:38:42', 68);
INSERT INTO video VALUES ('2018-09-09 05:45:59', '2018-09-09 05:50:59', 69);
INSERT INTO video VALUES ('2018-09-09 16:54:22', '2018-09-09 16:59:22', 70);
INSERT INTO video VALUES ('2018-08-28 10:18:37', '2018-08-28 10:23:37', 71);
INSERT INTO video VALUES ('2018-07-05 07:22:31', '2018-07-05 07:27:31', 72);
INSERT INTO video VALUES ('2018-09-27 03:16:59', '2018-09-27 03:21:59', 73);
INSERT INTO video VALUES ('2018-09-28 22:52:26', '2018-09-28 22:57:26', 74);
INSERT INTO video VALUES ('2018-07-30 19:24:33', '2018-07-30 19:29:33', 75);
INSERT INTO video VALUES ('2018-07-29 08:47:34', '2018-07-29 08:52:34', 76);
INSERT INTO video VALUES ('2018-07-26 13:44:55', '2018-07-26 13:49:55', 77);
INSERT INTO video VALUES ('2018-07-03 06:31:37', '2018-07-03 06:36:37', 78);
INSERT INTO video VALUES ('2018-06-24 07:19:26', '2018-06-24 07:24:26', 79);
INSERT INTO video VALUES ('2018-09-17 00:17:02', '2018-09-17 00:22:02', 80);
INSERT INTO video VALUES ('2018-08-24 06:21:19', '2018-08-24 06:26:19', 81);
INSERT INTO video VALUES ('2018-08-05 12:24:09', '2018-08-05 12:29:09', 82);
INSERT INTO video VALUES ('2018-07-24 11:34:20', '2018-07-24 11:39:20', 83);
INSERT INTO video VALUES ('2018-08-22 09:18:48', '2018-08-22 09:23:48', 84);
INSERT INTO video VALUES ('2018-06-23 07:13:59', '2018-06-23 07:18:59', 85);
INSERT INTO video VALUES ('2018-09-17 20:45:11', '2018-09-17 20:50:11', 86);
INSERT INTO video VALUES ('2018-07-01 02:10:21', '2018-07-01 02:15:21', 87);
INSERT INTO video VALUES ('2018-08-06 12:38:08', '2018-08-06 12:43:08', 88);
INSERT INTO video VALUES ('2018-06-14 01:16:19', '2018-06-14 01:21:19', 89);
INSERT INTO video VALUES ('2018-07-12 00:54:50', '2018-07-12 00:59:50', 90);
INSERT INTO video VALUES ('2018-08-03 05:34:07', '2018-08-03 05:39:07', 91);
INSERT INTO video VALUES ('2018-08-30 02:50:49', '2018-08-30 02:55:49', 92);
INSERT INTO video VALUES ('2018-07-04 12:38:42', '2018-07-04 12:43:42', 93);
INSERT INTO video VALUES ('2018-08-28 18:29:27', '2018-08-28 18:34:27', 94);
INSERT INTO video VALUES ('2018-06-10 14:49:06', '2018-06-10 14:54:06', 95);
INSERT INTO video VALUES ('2018-06-16 16:30:19', '2018-06-16 16:35:19', 96);
INSERT INTO video VALUES ('2018-09-10 16:13:35', '2018-09-10 16:18:35', 97);
INSERT INTO video VALUES ('2018-06-06 19:21:05', '2018-06-06 19:26:05', 98);
INSERT INTO video VALUES ('2018-08-12 21:17:22', '2018-08-12 21:22:22', 99);
INSERT INTO video VALUES ('2018-08-17 09:21:04', '2018-08-17 09:26:04', 100);

INSERT INTO video_segment VALUES (DEFAULT, '00:03:46', '2018-07-05 20:41:44', 1);
INSERT INTO video_segment VALUES (DEFAULT, '00:00:20', '2018-07-20 10:24:16', 2);
INSERT INTO video_segment VALUES (DEFAULT, '00:00:00', '2018-06-30 14:28:20', 3);
INSERT INTO video_segment VALUES (DEFAULT, '00:03:37', '2018-06-08 00:11:06', 4);
INSERT INTO video_segment VALUES (DEFAULT, '00:00:59', '2018-06-28 00:32:35', 5);
INSERT INTO video_segment VALUES (DEFAULT, '00:04:32', '2018-06-05 07:47:03', 6);
INSERT INTO video_segment VALUES (DEFAULT, '00:01:16', '2018-09-23 21:23:20', 7);
INSERT INTO video_segment VALUES (DEFAULT, '00:02:05', '2018-06-14 16:46:09', 8);
INSERT INTO video_segment VALUES (DEFAULT, '00:01:39', '2018-07-04 15:32:44', 9);
INSERT INTO video_segment VALUES (DEFAULT, '00:03:16', '2018-09-18 05:52:28', 10);
INSERT INTO video_segment VALUES (DEFAULT, '00:04:18', '2018-08-13 05:15:15', 11);
INSERT INTO video_segment VALUES (DEFAULT, '00:03:19', '2018-06-11 08:16:57', 12);
INSERT INTO video_segment VALUES (DEFAULT, '00:03:44', '2018-07-08 15:30:57', 13);
INSERT INTO video_segment VALUES (DEFAULT, '00:04:33', '2018-08-23 03:30:57', 14);
INSERT INTO video_segment VALUES (DEFAULT, '00:01:40', '2018-07-22 16:24:09', 15);
INSERT INTO video_segment VALUES (DEFAULT, '00:00:43', '2018-08-29 22:22:29', 16);
INSERT INTO video_segment VALUES (DEFAULT, '00:04:06', '2018-06-15 07:35:31', 17);
INSERT INTO video_segment VALUES (DEFAULT, '00:03:57', '2018-08-05 07:25:15', 18);
INSERT INTO video_segment VALUES (DEFAULT, '00:00:56', '2018-09-24 00:16:29', 19);
INSERT INTO video_segment VALUES (DEFAULT, '00:01:31', '2018-08-07 02:54:30', 20);
INSERT INTO video_segment VALUES (DEFAULT, '00:03:21', '2018-07-22 21:48:27', 21);
INSERT INTO video_segment VALUES (DEFAULT, '00:04:06', '2018-07-24 00:31:49', 22);
INSERT INTO video_segment VALUES (DEFAULT, '00:04:53', '2018-06-08 05:49:45', 23);
INSERT INTO video_segment VALUES (DEFAULT, '00:03:02', '2018-07-15 22:11:58', 24);
INSERT INTO video_segment VALUES (DEFAULT, '00:04:18', '2018-09-29 01:33:31', 25);
INSERT INTO video_segment VALUES (DEFAULT, '00:04:31', '2018-06-06 04:50:50', 26);
INSERT INTO video_segment VALUES (DEFAULT, '00:04:51', '2018-09-23 08:22:20', 27);
INSERT INTO video_segment VALUES (DEFAULT, '00:00:34', '2018-09-23 15:18:42', 28);
INSERT INTO video_segment VALUES (DEFAULT, '00:02:09', '2018-07-22 17:10:52', 29);
INSERT INTO video_segment VALUES (DEFAULT, '00:03:00', '2018-06-12 07:23:29', 30);
INSERT INTO video_segment VALUES (DEFAULT, '00:04:02', '2018-07-27 05:42:20', 31);
INSERT INTO video_segment VALUES (DEFAULT, '00:04:50', '2018-09-24 02:25:08', 32);
INSERT INTO video_segment VALUES (DEFAULT, '00:04:07', '2018-09-09 07:40:38', 33);
INSERT INTO video_segment VALUES (DEFAULT, '00:01:53', '2018-07-12 13:16:36', 34);
INSERT INTO video_segment VALUES (DEFAULT, '00:02:21', '2018-07-23 10:44:11', 35);
INSERT INTO video_segment VALUES (DEFAULT, '00:03:11', '2018-08-18 15:23:24', 36);
INSERT INTO video_segment VALUES (DEFAULT, '00:01:41', '2018-08-21 18:44:10', 37);
INSERT INTO video_segment VALUES (DEFAULT, '00:01:26', '2018-09-28 14:45:37', 38);
INSERT INTO video_segment VALUES (DEFAULT, '00:01:16', '2018-08-05 18:45:17', 39);
INSERT INTO video_segment VALUES (DEFAULT, '00:04:13', '2018-07-26 23:11:06', 40);
INSERT INTO video_segment VALUES (DEFAULT, '00:03:01', '2018-07-03 02:35:11', 41);
INSERT INTO video_segment VALUES (DEFAULT, '00:01:05', '2018-09-11 18:47:02', 42);
INSERT INTO video_segment VALUES (DEFAULT, '00:00:44', '2018-06-20 02:31:42', 43);
INSERT INTO video_segment VALUES (DEFAULT, '00:03:43', '2018-09-30 04:42:10', 44);
INSERT INTO video_segment VALUES (DEFAULT, '00:04:09', '2018-07-17 23:37:08', 45);
INSERT INTO video_segment VALUES (DEFAULT, '00:01:22', '2018-07-04 08:14:21', 46);
INSERT INTO video_segment VALUES (DEFAULT, '00:02:27', '2018-09-10 01:28:32', 47);
INSERT INTO video_segment VALUES (DEFAULT, '00:03:30', '2018-09-30 15:35:24', 48);
INSERT INTO video_segment VALUES (DEFAULT, '00:00:11', '2018-09-17 19:30:02', 49);
INSERT INTO video_segment VALUES (DEFAULT, '00:01:14', '2018-08-13 21:48:06', 50);
INSERT INTO video_segment VALUES (DEFAULT, '00:02:40', '2018-09-17 08:19:52', 51);
INSERT INTO video_segment VALUES (DEFAULT, '00:00:12', '2018-08-26 00:21:29', 52);
INSERT INTO video_segment VALUES (DEFAULT, '00:02:54', '2018-08-25 04:20:42', 53);
INSERT INTO video_segment VALUES (DEFAULT, '00:00:46', '2018-07-03 14:36:15', 54);
INSERT INTO video_segment VALUES (DEFAULT, '00:01:47', '2018-06-06 17:33:49', 55);
INSERT INTO video_segment VALUES (DEFAULT, '00:00:03', '2018-07-01 14:30:38', 56);
INSERT INTO video_segment VALUES (DEFAULT, '00:01:35', '2018-09-25 02:39:36', 57);
INSERT INTO video_segment VALUES (DEFAULT, '00:03:51', '2018-08-07 03:27:41', 58);
INSERT INTO video_segment VALUES (DEFAULT, '00:01:19', '2018-08-03 14:16:11', 59);
INSERT INTO video_segment VALUES (DEFAULT, '00:03:32', '2018-07-01 12:10:00', 60);
INSERT INTO video_segment VALUES (DEFAULT, '00:01:45', '2018-08-12 10:49:48', 61);
INSERT INTO video_segment VALUES (DEFAULT, '00:04:10', '2018-09-21 00:38:45', 62);
INSERT INTO video_segment VALUES (DEFAULT, '00:04:29', '2018-09-03 21:47:40', 63);
INSERT INTO video_segment VALUES (DEFAULT, '00:01:40', '2018-09-27 10:24:12', 64);
INSERT INTO video_segment VALUES (DEFAULT, '00:00:38', '2018-06-09 22:48:56', 65);
INSERT INTO video_segment VALUES (DEFAULT, '00:03:16', '2018-09-22 11:50:59', 66);
INSERT INTO video_segment VALUES (DEFAULT, '00:00:10', '2018-07-23 19:14:35', 67);
INSERT INTO video_segment VALUES (DEFAULT, '00:03:45', '2018-07-30 03:33:42', 68);
INSERT INTO video_segment VALUES (DEFAULT, '00:03:08', '2018-09-09 05:45:59', 69);
INSERT INTO video_segment VALUES (DEFAULT, '00:01:28', '2018-09-09 16:54:22', 70);
INSERT INTO video_segment VALUES (DEFAULT, '00:03:52', '2018-08-28 10:18:37', 71);
INSERT INTO video_segment VALUES (DEFAULT, '00:04:55', '2018-07-05 07:22:31', 72);
INSERT INTO video_segment VALUES (DEFAULT, '00:01:24', '2018-09-27 03:16:59', 73);
INSERT INTO video_segment VALUES (DEFAULT, '00:01:53', '2018-09-28 22:52:26', 74);
INSERT INTO video_segment VALUES (DEFAULT, '00:01:57', '2018-07-30 19:24:33', 75);
INSERT INTO video_segment VALUES (DEFAULT, '00:03:39', '2018-07-29 08:47:34', 76);
INSERT INTO video_segment VALUES (DEFAULT, '00:04:08', '2018-07-26 13:44:55', 77);
INSERT INTO video_segment VALUES (DEFAULT, '00:02:58', '2018-07-03 06:31:37', 78);
INSERT INTO video_segment VALUES (DEFAULT, '00:01:10', '2018-06-24 07:19:26', 79);
INSERT INTO video_segment VALUES (DEFAULT, '00:00:39', '2018-09-17 00:17:02', 80);
INSERT INTO video_segment VALUES (DEFAULT, '00:00:38', '2018-08-24 06:21:19', 81);
INSERT INTO video_segment VALUES (DEFAULT, '00:03:40', '2018-08-05 12:24:09', 82);
INSERT INTO video_segment VALUES (DEFAULT, '00:02:38', '2018-07-24 11:34:20', 83);
INSERT INTO video_segment VALUES (DEFAULT, '00:04:52', '2018-08-22 09:18:48', 84);
INSERT INTO video_segment VALUES (DEFAULT, '00:00:48', '2018-06-23 07:13:59', 85);
INSERT INTO video_segment VALUES (DEFAULT, '00:00:09', '2018-09-17 20:45:11', 86);
INSERT INTO video_segment VALUES (DEFAULT, '00:02:49', '2018-07-01 02:10:21', 87);
INSERT INTO video_segment VALUES (DEFAULT, '00:01:45', '2018-08-06 12:38:08', 88);
INSERT INTO video_segment VALUES (DEFAULT, '00:03:07', '2018-06-14 01:16:19', 89);
INSERT INTO video_segment VALUES (DEFAULT, '00:00:10', '2018-07-12 00:54:50', 90);
INSERT INTO video_segment VALUES (DEFAULT, '00:01:29', '2018-08-03 05:34:07', 91);
INSERT INTO video_segment VALUES (DEFAULT, '00:03:47', '2018-08-30 02:50:49', 92);
INSERT INTO video_segment VALUES (DEFAULT, '00:02:20', '2018-07-04 12:38:42', 93);
INSERT INTO video_segment VALUES (DEFAULT, '00:00:26', '2018-08-28 18:29:27', 94);
INSERT INTO video_segment VALUES (DEFAULT, '00:01:47', '2018-06-10 14:49:06', 95);
INSERT INTO video_segment VALUES (DEFAULT, '00:00:03', '2018-06-16 16:30:19', 96);
INSERT INTO video_segment VALUES (DEFAULT, '00:00:35', '2018-09-10 16:13:35', 97);
INSERT INTO video_segment VALUES (DEFAULT, '00:02:05', '2018-06-06 19:21:05', 98);
INSERT INTO video_segment VALUES (DEFAULT, '00:02:20', '2018-08-12 21:17:22', 99);
INSERT INTO video_segment VALUES (DEFAULT, '00:03:02', '2018-08-17 09:21:04', 100);

INSERT INTO place VALUES ('Oliveira do Hospital');
INSERT INTO place VALUES ('Monchique');
INSERT INTO place VALUES ('Place 1');
INSERT INTO place VALUES ('Place 2');
INSERT INTO place VALUES ('Place 3');
INSERT INTO place VALUES ('Place 4');
INSERT INTO place VALUES ('Place 5');
INSERT INTO place VALUES ('Place 6');
INSERT INTO place VALUES ('Place 7');
INSERT INTO place VALUES ('Place 8');
INSERT INTO place VALUES ('Place 9');
INSERT INTO place VALUES ('Place 10');
INSERT INTO place VALUES ('Place 11');
INSERT INTO place VALUES ('Place 12');
INSERT INTO place VALUES ('Place 13');
INSERT INTO place VALUES ('Place 14');
INSERT INTO place VALUES ('Place 15');
INSERT INTO place VALUES ('Place 16');
INSERT INTO place VALUES ('Place 17');
INSERT INTO place VALUES ('Place 18');
INSERT INTO place VALUES ('Place 19');
INSERT INTO place VALUES ('Place 20');
INSERT INTO place VALUES ('Place 21');
INSERT INTO place VALUES ('Place 22');
INSERT INTO place VALUES ('Place 23');
INSERT INTO place VALUES ('Place 24');
INSERT INTO place VALUES ('Place 25');
INSERT INTO place VALUES ('Place 26');
INSERT INTO place VALUES ('Place 27');
INSERT INTO place VALUES ('Place 28');
INSERT INTO place VALUES ('Place 29');
INSERT INTO place VALUES ('Place 30');
INSERT INTO place VALUES ('Place 31');
INSERT INTO place VALUES ('Place 32');
INSERT INTO place VALUES ('Place 33');
INSERT INTO place VALUES ('Place 34');
INSERT INTO place VALUES ('Place 35');
INSERT INTO place VALUES ('Place 36');
INSERT INTO place VALUES ('Place 37');
INSERT INTO place VALUES ('Place 38');
INSERT INTO place VALUES ('Place 39');
INSERT INTO place VALUES ('Place 40');
INSERT INTO place VALUES ('Place 41');
INSERT INTO place VALUES ('Place 42');
INSERT INTO place VALUES ('Place 43');
INSERT INTO place VALUES ('Place 44');
INSERT INTO place VALUES ('Place 45');
INSERT INTO place VALUES ('Place 46');
INSERT INTO place VALUES ('Place 47');
INSERT INTO place VALUES ('Place 48');
INSERT INTO place VALUES ('Place 49');
INSERT INTO place VALUES ('Place 50');
INSERT INTO place VALUES ('Place 51');
INSERT INTO place VALUES ('Place 52');
INSERT INTO place VALUES ('Place 53');
INSERT INTO place VALUES ('Place 54');
INSERT INTO place VALUES ('Place 55');
INSERT INTO place VALUES ('Place 56');
INSERT INTO place VALUES ('Place 57');
INSERT INTO place VALUES ('Place 58');
INSERT INTO place VALUES ('Place 59');
INSERT INTO place VALUES ('Place 60');
INSERT INTO place VALUES ('Place 61');
INSERT INTO place VALUES ('Place 62');
INSERT INTO place VALUES ('Place 63');
INSERT INTO place VALUES ('Place 64');
INSERT INTO place VALUES ('Place 65');
INSERT INTO place VALUES ('Place 66');
INSERT INTO place VALUES ('Place 67');
INSERT INTO place VALUES ('Place 68');
INSERT INTO place VALUES ('Place 69');
INSERT INTO place VALUES ('Place 70');
INSERT INTO place VALUES ('Place 71');
INSERT INTO place VALUES ('Place 72');
INSERT INTO place VALUES ('Place 73');
INSERT INTO place VALUES ('Place 74');
INSERT INTO place VALUES ('Place 75');
INSERT INTO place VALUES ('Place 76');
INSERT INTO place VALUES ('Place 77');
INSERT INTO place VALUES ('Place 78');
INSERT INTO place VALUES ('Place 79');
INSERT INTO place VALUES ('Place 80');
INSERT INTO place VALUES ('Place 81');
INSERT INTO place VALUES ('Place 82');
INSERT INTO place VALUES ('Place 83');
INSERT INTO place VALUES ('Place 84');
INSERT INTO place VALUES ('Place 85');
INSERT INTO place VALUES ('Place 86');
INSERT INTO place VALUES ('Place 87');
INSERT INTO place VALUES ('Place 88');
INSERT INTO place VALUES ('Place 89');
INSERT INTO place VALUES ('Place 90');
INSERT INTO place VALUES ('Place 91');
INSERT INTO place VALUES ('Place 92');
INSERT INTO place VALUES ('Place 93');
INSERT INTO place VALUES ('Place 94');
INSERT INTO place VALUES ('Place 95');
INSERT INTO place VALUES ('Place 96');
INSERT INTO place VALUES ('Place 97');
INSERT INTO place VALUES ('Place 98');
INSERT INTO place VALUES ('Place 99');
INSERT INTO place VALUES ('Place 100');
INSERT INTO place VALUES ('Place 101');
INSERT INTO place VALUES ('Place 102');
INSERT INTO place VALUES ('Place 103');
INSERT INTO place VALUES ('Place 104');
INSERT INTO place VALUES ('Place 105');
INSERT INTO place VALUES ('Place 106');
INSERT INTO place VALUES ('Place 107');
INSERT INTO place VALUES ('Place 108');
INSERT INTO place VALUES ('Place 109');
INSERT INTO place VALUES ('Place 110');
INSERT INTO place VALUES ('Place 111');
INSERT INTO place VALUES ('Place 112');
INSERT INTO place VALUES ('Place 113');
INSERT INTO place VALUES ('Place 114');
INSERT INTO place VALUES ('Place 115');
INSERT INTO place VALUES ('Place 116');
INSERT INTO place VALUES ('Place 117');
INSERT INTO place VALUES ('Place 118');
INSERT INTO place VALUES ('Place 119');
INSERT INTO place VALUES ('Place 120');
INSERT INTO place VALUES ('Place 121');
INSERT INTO place VALUES ('Place 122');
INSERT INTO place VALUES ('Place 123');
INSERT INTO place VALUES ('Place 124');
INSERT INTO place VALUES ('Place 125');
INSERT INTO place VALUES ('Place 126');
INSERT INTO place VALUES ('Place 127');
INSERT INTO place VALUES ('Place 128');

INSERT INTO lookout VALUES ('Monchique', 1);
INSERT INTO lookout VALUES ('Monchique', 2);
INSERT INTO lookout VALUES ('Oliveira do Hospital', 3);
INSERT INTO lookout VALUES ('Place 2', 4);
INSERT INTO lookout VALUES ('Oliveira do Hospital', 5);
INSERT INTO lookout VALUES ('Monchique', 6);
INSERT INTO lookout VALUES ('Place 5', 7);
INSERT INTO lookout VALUES ('Oliveira do Hospital', 8);
INSERT INTO lookout VALUES ('Monchique', 9);
INSERT INTO lookout VALUES ('Place 8', 10);
INSERT INTO lookout VALUES ('Monchique', 11);
INSERT INTO lookout VALUES ('Place 10', 12);
INSERT INTO lookout VALUES ('Oliveira do Hospital', 13);
INSERT INTO lookout VALUES ('Place 12', 14);
INSERT INTO lookout VALUES ('Oliveira do Hospital', 15);
INSERT INTO lookout VALUES ('Oliveira do Hospital', 16);
INSERT INTO lookout VALUES ('Place 15', 17);
INSERT INTO lookout VALUES ('Place 16', 18);
INSERT INTO lookout VALUES ('Place 17', 19);
INSERT INTO lookout VALUES ('Monchique', 20);
INSERT INTO lookout VALUES ('Oliveira do Hospital', 21);
INSERT INTO lookout VALUES ('Place 20', 22);
INSERT INTO lookout VALUES ('Monchique', 23);
INSERT INTO lookout VALUES ('Oliveira do Hospital', 24);
INSERT INTO lookout VALUES ('Monchique', 25);
INSERT INTO lookout VALUES ('Oliveira do Hospital', 26);
INSERT INTO lookout VALUES ('Place 25', 27);
INSERT INTO lookout VALUES ('Oliveira do Hospital', 28);
INSERT INTO lookout VALUES ('Place 27', 29);
INSERT INTO lookout VALUES ('Place 28', 30);
INSERT INTO lookout VALUES ('Place 29', 31);
INSERT INTO lookout VALUES ('Place 30', 32);
INSERT INTO lookout VALUES ('Oliveira do Hospital', 33);
INSERT INTO lookout VALUES ('Place 32', 34);
INSERT INTO lookout VALUES ('Oliveira do Hospital', 35);
INSERT INTO lookout VALUES ('Oliveira do Hospital', 36);
INSERT INTO lookout VALUES ('Monchique', 37);
INSERT INTO lookout VALUES ('Oliveira do Hospital', 38);
INSERT INTO lookout VALUES ('Monchique', 39);
INSERT INTO lookout VALUES ('Place 38', 40);
INSERT INTO lookout VALUES ('Oliveira do Hospital', 41);
INSERT INTO lookout VALUES ('Monchique', 42);
INSERT INTO lookout VALUES ('Monchique', 43);
INSERT INTO lookout VALUES ('Oliveira do Hospital', 44);
INSERT INTO lookout VALUES ('Place 43', 45);
INSERT INTO lookout VALUES ('Place 44', 46);
INSERT INTO lookout VALUES ('Oliveira do Hospital', 47);
INSERT INTO lookout VALUES ('Monchique', 48);
INSERT INTO lookout VALUES ('Monchique', 49);
INSERT INTO lookout VALUES ('Oliveira do Hospital', 50);
INSERT INTO lookout VALUES ('Monchique', 51);
INSERT INTO lookout VALUES ('Place 50', 52);
INSERT INTO lookout VALUES ('Place 51', 53);
INSERT INTO lookout VALUES ('Place 52', 54);
INSERT INTO lookout VALUES ('Oliveira do Hospital', 55);
INSERT INTO lookout VALUES ('Oliveira do Hospital', 56);
INSERT INTO lookout VALUES ('Oliveira do Hospital', 57);
INSERT INTO lookout VALUES ('Monchique', 58);
INSERT INTO lookout VALUES ('Monchique', 59);
INSERT INTO lookout VALUES ('Place 58', 60);
INSERT INTO lookout VALUES ('Monchique', 61);
INSERT INTO lookout VALUES ('Monchique', 62);
INSERT INTO lookout VALUES ('Place 61', 63);
INSERT INTO lookout VALUES ('Monchique', 64);
INSERT INTO lookout VALUES ('Place 63', 65);
INSERT INTO lookout VALUES ('Place 64', 66);
INSERT INTO lookout VALUES ('Oliveira do Hospital', 67);
INSERT INTO lookout VALUES ('Oliveira do Hospital', 68);
INSERT INTO lookout VALUES ('Monchique', 69);
INSERT INTO lookout VALUES ('Place 68', 70);
INSERT INTO lookout VALUES ('Monchique', 71);
INSERT INTO lookout VALUES ('Monchique', 72);
INSERT INTO lookout VALUES ('Monchique', 73);
INSERT INTO lookout VALUES ('Monchique', 74);
INSERT INTO lookout VALUES ('Monchique', 75);
INSERT INTO lookout VALUES ('Monchique', 76);
INSERT INTO lookout VALUES ('Oliveira do Hospital', 77);
INSERT INTO lookout VALUES ('Place 76', 78);
INSERT INTO lookout VALUES ('Oliveira do Hospital', 79);
INSERT INTO lookout VALUES ('Oliveira do Hospital', 80);
INSERT INTO lookout VALUES ('Place 79', 81);
INSERT INTO lookout VALUES ('Oliveira do Hospital', 82);
INSERT INTO lookout VALUES ('Oliveira do Hospital', 83);
INSERT INTO lookout VALUES ('Place 82', 84);
INSERT INTO lookout VALUES ('Place 83', 85);
INSERT INTO lookout VALUES ('Place 84', 86);
INSERT INTO lookout VALUES ('Place 85', 87);
INSERT INTO lookout VALUES ('Place 86', 88);
INSERT INTO lookout VALUES ('Monchique', 89);
INSERT INTO lookout VALUES ('Monchique', 90);
INSERT INTO lookout VALUES ('Oliveira do Hospital', 91);
INSERT INTO lookout VALUES ('Place 90', 92);
INSERT INTO lookout VALUES ('Place 91', 93);
INSERT INTO lookout VALUES ('Place 92', 94);
INSERT INTO lookout VALUES ('Place 93', 95);
INSERT INTO lookout VALUES ('Monchique', 96);
INSERT INTO lookout VALUES ('Oliveira do Hospital', 97);
INSERT INTO lookout VALUES ('Place 96', 98);
INSERT INTO lookout VALUES ('Monchique', 99);
INSERT INTO lookout VALUES ('Oliveira do Hospital', 100);

INSERT INTO emergency_event VALUES (911950917, '2018-07-05 20:41:44', 'Person 1', 'Oliveira do Hospital', null);
INSERT INTO emergency_event VALUES (923070151, '2018-07-20 10:24:16', 'Person 2', 'Oliveira do Hospital', null);
INSERT INTO emergency_event VALUES (924518915, '2018-06-30 14:28:20', 'Person 3', 'Place 1', null);
INSERT INTO emergency_event VALUES (936478968, '2018-06-08 00:11:06', 'Person 4', 'Place 2', null);
INSERT INTO emergency_event VALUES (917188015, '2018-06-28 00:32:35', 'Person 5', 'Oliveira do Hospital', null);
INSERT INTO emergency_event VALUES (935458428, '2018-06-05 07:47:03', 'Person 6', 'Oliveira do Hospital', null);
INSERT INTO emergency_event VALUES (915509350, '2018-09-23 21:23:20', 'Person 7', 'Monchique', null);
INSERT INTO emergency_event VALUES (933952545, '2018-06-14 16:46:09', 'Person 8', 'Place 6', null);
INSERT INTO emergency_event VALUES (919577820, '2018-07-04 15:32:44', 'Person 9', 'Place 7', null);
INSERT INTO emergency_event VALUES (933453392, '2018-09-18 05:52:28', 'Person 10', 'Monchique', null);
INSERT INTO emergency_event VALUES (913110423, '2018-08-13 05:15:15', 'Person 11', 'Oliveira do Hospital', null);
INSERT INTO emergency_event VALUES (936686759, '2018-06-11 08:16:57', 'Person 12', 'Monchique', null);
INSERT INTO emergency_event VALUES (916126944, '2018-07-08 15:30:57', 'Person 13', 'Monchique', null);
INSERT INTO emergency_event VALUES (922570638, '2018-08-23 03:30:57', 'Person 14', 'Place 12', null);
INSERT INTO emergency_event VALUES (928242313, '2018-07-22 16:24:09', 'Person 15', 'Place 13', null);
INSERT INTO emergency_event VALUES (937128061, '2018-08-29 22:22:29', 'Person 16', 'Monchique', null);
INSERT INTO emergency_event VALUES (969083754, '2018-06-15 07:35:31', 'Person 17', 'Place 15', null);
INSERT INTO emergency_event VALUES (961995361, '2018-08-05 07:25:15', 'Person 18', 'Monchique', null);
INSERT INTO emergency_event VALUES (936556409, '2018-09-24 00:16:29', 'Person 19', 'Monchique', null);
INSERT INTO emergency_event VALUES (931132777, '2018-08-07 02:54:30', 'Person 20', 'Place 18', null);
INSERT INTO emergency_event VALUES (963703682, '2018-07-22 21:48:27', 'Person 21', 'Monchique', null);
INSERT INTO emergency_event VALUES (964400790, '2018-07-24 00:31:49', 'Person 22', 'Oliveira do Hospital', null);
INSERT INTO emergency_event VALUES (931639346, '2018-06-08 05:49:45', 'Person 23', 'Monchique', null);
INSERT INTO emergency_event VALUES (911831718, '2018-07-15 22:11:58', 'Person 24', 'Oliveira do Hospital', null);
INSERT INTO emergency_event VALUES (933396316, '2018-09-29 01:33:31', 'Person 25', 'Oliveira do Hospital', null);
INSERT INTO emergency_event VALUES (936041090, '2018-06-06 04:50:50', 'Person 26', 'Place 24', null);
INSERT INTO emergency_event VALUES (962986208, '2018-09-23 08:22:20', 'Person 27', 'Place 25', null);
INSERT INTO emergency_event VALUES (966371274, '2018-09-23 15:18:42', 'Person 28', 'Oliveira do Hospital', null);
INSERT INTO emergency_event VALUES (929785163, '2018-07-22 17:10:52', 'Person 29', 'Oliveira do Hospital', null);
INSERT INTO emergency_event VALUES (913620020, '2018-06-12 07:23:29', 'Person 30', 'Monchique', null);
INSERT INTO emergency_event VALUES (932106115, '2018-07-27 05:42:20', 'Person 31', 'Monchique', null);
INSERT INTO emergency_event VALUES (928703588, '2018-09-24 02:25:08', 'Person 32', 'Place 30', null);
INSERT INTO emergency_event VALUES (938635731, '2018-09-09 07:40:38', 'Person 33', 'Place 31', null);
INSERT INTO emergency_event VALUES (966471286, '2018-07-12 13:16:36', 'Person 34', 'Monchique', null);
INSERT INTO emergency_event VALUES (918556669, '2018-07-23 10:44:11', 'Person 35', 'Oliveira do Hospital', null);
INSERT INTO emergency_event VALUES (928718499, '2018-08-18 15:23:24', 'Person 36', 'Oliveira do Hospital', null);
INSERT INTO emergency_event VALUES (939963935, '2018-08-21 18:44:10', 'Person 37', 'Place 35', null);
INSERT INTO emergency_event VALUES (932455412, '2018-09-28 14:45:37', 'Person 38', 'Place 36', null);
INSERT INTO emergency_event VALUES (915005142, '2018-08-05 18:45:17', 'Person 39', 'Oliveira do Hospital', null);
INSERT INTO emergency_event VALUES (935995067, '2018-07-26 23:11:06', 'Person 40', 'Oliveira do Hospital', null);
INSERT INTO emergency_event VALUES (928814615, '2018-07-03 02:35:11', 'Person 41', 'Monchique', null);
INSERT INTO emergency_event VALUES (931615841, '2018-09-11 18:47:02', 'Person 42', 'Place 40', null);
INSERT INTO emergency_event VALUES (916500915, '2018-06-20 02:31:42', 'Person 43', 'Monchique', null);
INSERT INTO emergency_event VALUES (968452227, '2018-09-30 04:42:10', 'Person 44', 'Oliveira do Hospital', null);
INSERT INTO emergency_event VALUES (928970319, '2018-07-17 23:37:08', 'Person 45', 'Oliveira do Hospital', null);
INSERT INTO emergency_event VALUES (919461024, '2018-07-04 08:14:21', 'Person 46', 'Oliveira do Hospital', null);
INSERT INTO emergency_event VALUES (965027464, '2018-09-10 01:28:32', 'Person 47', 'Monchique', null);
INSERT INTO emergency_event VALUES (931502518, '2018-09-30 15:35:24', 'Person 48', 'Monchique', null);
INSERT INTO emergency_event VALUES (915074225, '2018-09-17 19:30:02', 'Person 49', 'Oliveira do Hospital', null);
INSERT INTO emergency_event VALUES (917981001, '2018-08-13 21:48:06', 'Person 50', 'Monchique', null);
INSERT INTO emergency_event VALUES (937193737, '2018-09-17 08:19:52', 'Person 51', 'Oliveira do Hospital', null);
INSERT INTO emergency_event VALUES (937394879, '2018-08-26 00:21:29', 'Person 52', 'Monchique', null);
INSERT INTO emergency_event VALUES (926439626, '2018-08-25 04:20:42', 'Person 53', 'Monchique', null);
INSERT INTO emergency_event VALUES (969233015, '2018-07-03 14:36:15', 'Person 54', 'Oliveira do Hospital', null);
INSERT INTO emergency_event VALUES (969794409, '2018-06-06 17:33:49', 'Person 55', 'Oliveira do Hospital', null);
INSERT INTO emergency_event VALUES (934190625, '2018-07-01 14:30:38', 'Person 56', 'Oliveira do Hospital', null);
INSERT INTO emergency_event VALUES (966081670, '2018-09-25 02:39:36', 'Person 57', 'Place 55', null);
INSERT INTO emergency_event VALUES (961266650, '2018-08-07 03:27:41', 'Person 58', 'Oliveira do Hospital', null);
INSERT INTO emergency_event VALUES (935442769, '2018-08-03 14:16:11', 'Person 59', 'Monchique', null);
INSERT INTO emergency_event VALUES (918719232, '2018-07-01 12:10:00', 'Person 60', 'Monchique', null);
INSERT INTO emergency_event VALUES (966210967, '2018-08-12 10:49:48', 'Person 61', 'Place 59', null);
INSERT INTO emergency_event VALUES (967712037, '2018-09-21 00:38:45', 'Person 62', 'Monchique', null);
INSERT INTO emergency_event VALUES (914254884, '2018-09-03 21:47:40', 'Person 63', 'Oliveira do Hospital', null);
INSERT INTO emergency_event VALUES (922392782, '2018-09-27 10:24:12', 'Person 64', 'Place 62', null);
INSERT INTO emergency_event VALUES (939829871, '2018-06-09 22:48:56', 'Person 65', 'Monchique', null);
INSERT INTO emergency_event VALUES (929220934, '2018-09-22 11:50:59', 'Person 66', 'Oliveira do Hospital', null);
INSERT INTO emergency_event VALUES (935998227, '2018-07-23 19:14:35', 'Person 67', 'Oliveira do Hospital', null);
INSERT INTO emergency_event VALUES (921401634, '2018-07-30 03:33:42', 'Person 68', 'Oliveira do Hospital', null);
INSERT INTO emergency_event VALUES (926895038, '2018-09-09 05:45:59', 'Person 69', 'Monchique', null);
INSERT INTO emergency_event VALUES (928386646, '2018-09-09 16:54:22', 'Person 70', 'Monchique', null);
INSERT INTO emergency_event VALUES (925271388, '2018-08-28 10:18:37', 'Person 71', 'Monchique', null);
INSERT INTO emergency_event VALUES (921603964, '2018-07-05 07:22:31', 'Person 72', 'Monchique', null);
INSERT INTO emergency_event VALUES (965569849, '2018-09-27 03:16:59', 'Person 73', 'Monchique', null);
INSERT INTO emergency_event VALUES (926443326, '2018-09-28 22:52:26', 'Person 74', 'Monchique', null);
INSERT INTO emergency_event VALUES (923838201, '2018-07-30 19:24:33', 'Person 75', 'Monchique', null);
INSERT INTO emergency_event VALUES (962004227, '2018-07-29 08:47:34', 'Person 76', 'Monchique', null);
INSERT INTO emergency_event VALUES (916712941, '2018-07-26 13:44:55', 'Person 77', 'Monchique', null);
INSERT INTO emergency_event VALUES (922612391, '2018-07-03 06:31:37', 'Person 78', 'Monchique', null);
INSERT INTO emergency_event VALUES (912851371, '2018-06-24 07:19:26', 'Person 79', 'Monchique', null);
INSERT INTO emergency_event VALUES (965217680, '2018-09-17 00:17:02', 'Person 80', 'Place 78', null);
INSERT INTO emergency_event VALUES (965803514, '2018-08-24 06:21:19', 'Person 81', 'Oliveira do Hospital', null);
INSERT INTO emergency_event VALUES (938457393, '2018-08-05 12:24:09', 'Person 82', 'Place 80', null);
INSERT INTO emergency_event VALUES (919704086, '2018-07-24 11:34:20', 'Person 83', 'Monchique', null);
INSERT INTO emergency_event VALUES (965563537, '2018-08-22 09:18:48', 'Person 84', 'Monchique', null);
INSERT INTO emergency_event VALUES (926019765, '2018-06-23 07:13:59', 'Person 85', 'Oliveira do Hospital', null);
INSERT INTO emergency_event VALUES (928787626, '2018-09-17 20:45:11', 'Person 86', 'Oliveira do Hospital', null);
INSERT INTO emergency_event VALUES (964640652, '2018-07-01 02:10:21', 'Person 87', 'Monchique', null);
INSERT INTO emergency_event VALUES (916454736, '2018-08-06 12:38:08', 'Person 88', 'Monchique', null);
INSERT INTO emergency_event VALUES (923322654, '2018-06-14 01:16:19', 'Person 89', 'Oliveira do Hospital', null);
INSERT INTO emergency_event VALUES (939177156, '2018-07-12 00:54:50', 'Person 90', 'Monchique', null);
INSERT INTO emergency_event VALUES (935580242, '2018-08-03 05:34:07', 'Person 91', 'Place 89', null);
INSERT INTO emergency_event VALUES (967221282, '2018-08-30 02:50:49', 'Person 92', 'Monchique', null);
INSERT INTO emergency_event VALUES (921693791, '2018-07-04 12:38:42', 'Person 93', 'Monchique', null);
INSERT INTO emergency_event VALUES (923320516, '2018-08-28 18:29:27', 'Person 94', 'Oliveira do Hospital', null);
INSERT INTO emergency_event VALUES (914127166, '2018-06-10 14:49:06', 'Person 95', 'Monchique', null);
INSERT INTO emergency_event VALUES (919713886, '2018-06-16 16:30:19', 'Person 96', 'Oliveira do Hospital', null);
INSERT INTO emergency_event VALUES (939274808, '2018-09-10 16:13:35', 'Person 97', 'Monchique', null);
INSERT INTO emergency_event VALUES (936181901, '2018-06-06 19:21:05', 'Person 98', 'Place 96', null);
INSERT INTO emergency_event VALUES (932012236, '2018-08-12 21:17:22', 'Person 99', 'Oliveira do Hospital', null);
INSERT INTO emergency_event VALUES (923158549, '2018-08-17 09:21:04', 'Person 100', 'Oliveira do Hospital', null);
INSERT INTO emergency_event VALUES (931183659, '2018-07-05 09:18:43', 'Person 101', 'Monchique', null);
INSERT INTO emergency_event VALUES (917134009, '2018-08-14 13:47:39', 'Person 102', 'Place 100', null);
INSERT INTO emergency_event VALUES (938512415, '2018-06-03 22:40:11', 'Person 103', 'Place 101', null);
INSERT INTO emergency_event VALUES (927732721, '2018-08-06 06:23:25', 'Person 104', 'Oliveira do Hospital', null);
INSERT INTO emergency_event VALUES (921316501, '2018-09-11 19:10:54', 'Person 105', 'Place 103', null);
INSERT INTO emergency_event VALUES (926735447, '2018-06-06 03:24:40', 'Person 106', 'Monchique', null);
INSERT INTO emergency_event VALUES (911236105, '2018-06-25 13:40:35', 'Person 107', 'Monchique', null);
INSERT INTO emergency_event VALUES (932542388, '2018-09-12 06:24:35', 'Person 108', 'Place 106', null);
INSERT INTO emergency_event VALUES (927859234, '2018-09-11 08:13:49', 'Person 109', 'Monchique', null);
INSERT INTO emergency_event VALUES (965753425, '2018-06-18 14:28:57', 'Person 110', 'Oliveira do Hospital', null);
INSERT INTO emergency_event VALUES (922675656, '2018-08-23 08:21:44', 'Person 111', 'Oliveira do Hospital', null);
INSERT INTO emergency_event VALUES (933607079, '2018-06-24 16:51:52', 'Person 112', 'Place 110', null);
INSERT INTO emergency_event VALUES (913578624, '2018-06-12 01:37:45', 'Person 113', 'Monchique', null);
INSERT INTO emergency_event VALUES (919914827, '2018-06-07 05:35:49', 'Person 114', 'Monchique', null);
INSERT INTO emergency_event VALUES (921281130, '2018-09-14 07:50:11', 'Person 115', 'Place 113', null);
INSERT INTO emergency_event VALUES (922180165, '2018-08-15 05:10:10', 'Person 116', 'Monchique', null);
INSERT INTO emergency_event VALUES (935143515, '2018-07-24 21:28:19', 'Person 117', 'Place 115', null);
INSERT INTO emergency_event VALUES (935552427, '2018-09-02 15:19:23', 'Person 118', 'Place 116', null);
INSERT INTO emergency_event VALUES (969567653, '2018-06-01 00:39:01', 'Person 119', 'Oliveira do Hospital', null);
INSERT INTO emergency_event VALUES (939224062, '2018-09-11 21:33:27', 'Person 120', 'Place 118', null);
INSERT INTO emergency_event VALUES (963338500, '2018-07-17 09:26:43', 'Person 121', 'Monchique', null);
INSERT INTO emergency_event VALUES (931697289, '2018-06-01 13:25:36', 'Person 122', 'Place 120', null);
INSERT INTO emergency_event VALUES (928028197, '2018-09-17 12:49:39', 'Person 123', 'Monchique', null);
INSERT INTO emergency_event VALUES (923034073, '2018-06-16 09:22:53', 'Person 124', 'Oliveira do Hospital', null);
INSERT INTO emergency_event VALUES (925510672, '2018-07-14 01:28:59', 'Person 125', 'Place 123', null);
INSERT INTO emergency_event VALUES (938241469, '2018-09-01 17:47:01', 'Person 126', 'Oliveira do Hospital', null);
INSERT INTO emergency_event VALUES (912078455, '2018-09-04 17:49:16', 'Person 127', 'Monchique', null);
INSERT INTO emergency_event VALUES (913389232, '2018-07-06 05:51:09', 'Person 128', 'Oliveira do Hospital', null);
INSERT INTO emergency_event VALUES (935496035, '2018-09-15 19:28:04', 'Person 129', 'Oliveira do Hospital', null);
INSERT INTO emergency_event VALUES (931409499, '2018-08-03 18:20:28', 'Person 130', 'Place 128', null);

INSERT INTO rescue_process VALUES (DEFAULT);
UPDATE emergency_event SET rescue_process_number = 1 WHERE phone_number = 911950917 AND call_time = '2018-07-05 20:41:44';
INSERT INTO rescue_process VALUES (DEFAULT);
UPDATE emergency_event SET rescue_process_number = 2 WHERE phone_number = 923070151 AND call_time = '2018-07-20 10:24:16';
INSERT INTO rescue_process VALUES (DEFAULT);
UPDATE emergency_event SET rescue_process_number = 3 WHERE phone_number = 924518915 AND call_time = '2018-06-30 14:28:20';
INSERT INTO rescue_process VALUES (DEFAULT);
UPDATE emergency_event SET rescue_process_number = 4 WHERE phone_number = 936478968 AND call_time = '2018-06-08 00:11:06';
INSERT INTO rescue_process VALUES (DEFAULT);
UPDATE emergency_event SET rescue_process_number = 5 WHERE phone_number = 917188015 AND call_time = '2018-06-28 00:32:35';
INSERT INTO rescue_process VALUES (DEFAULT);
UPDATE emergency_event SET rescue_process_number = 6 WHERE phone_number = 935458428 AND call_time = '2018-06-05 07:47:03';
INSERT INTO rescue_process VALUES (DEFAULT);
UPDATE emergency_event SET rescue_process_number = 7 WHERE phone_number = 915509350 AND call_time = '2018-09-23 21:23:20';
INSERT INTO rescue_process VALUES (DEFAULT);
UPDATE emergency_event SET rescue_process_number = 8 WHERE phone_number = 933952545 AND call_time = '2018-06-14 16:46:09';
INSERT INTO rescue_process VALUES (DEFAULT);
UPDATE emergency_event SET rescue_process_number = 9 WHERE phone_number = 919577820 AND call_time = '2018-07-04 15:32:44';
INSERT INTO rescue_process VALUES (DEFAULT);
UPDATE emergency_event SET rescue_process_number = 10 WHERE phone_number = 933453392 AND call_time = '2018-09-18 05:52:28';
INSERT INTO rescue_process VALUES (DEFAULT);
UPDATE emergency_event SET rescue_process_number = 11 WHERE phone_number = 913110423 AND call_time = '2018-08-13 05:15:15';
INSERT INTO rescue_process VALUES (DEFAULT);
UPDATE emergency_event SET rescue_process_number = 12 WHERE phone_number = 936686759 AND call_time = '2018-06-11 08:16:57';
INSERT INTO rescue_process VALUES (DEFAULT);
UPDATE emergency_event SET rescue_process_number = 13 WHERE phone_number = 916126944 AND call_time = '2018-07-08 15:30:57';
INSERT INTO rescue_process VALUES (DEFAULT);
UPDATE emergency_event SET rescue_process_number = 14 WHERE phone_number = 922570638 AND call_time = '2018-08-23 03:30:57';
INSERT INTO rescue_process VALUES (DEFAULT);
UPDATE emergency_event SET rescue_process_number = 15 WHERE phone_number = 928242313 AND call_time = '2018-07-22 16:24:09';
INSERT INTO rescue_process VALUES (DEFAULT);
UPDATE emergency_event SET rescue_process_number = 16 WHERE phone_number = 937128061 AND call_time = '2018-08-29 22:22:29';
INSERT INTO rescue_process VALUES (DEFAULT);
UPDATE emergency_event SET rescue_process_number = 17 WHERE phone_number = 969083754 AND call_time = '2018-06-15 07:35:31';
INSERT INTO rescue_process VALUES (DEFAULT);
UPDATE emergency_event SET rescue_process_number = 18 WHERE phone_number = 961995361 AND call_time = '2018-08-05 07:25:15';
INSERT INTO rescue_process VALUES (DEFAULT);
UPDATE emergency_event SET rescue_process_number = 19 WHERE phone_number = 936556409 AND call_time = '2018-09-24 00:16:29';
INSERT INTO rescue_process VALUES (DEFAULT);
UPDATE emergency_event SET rescue_process_number = 20 WHERE phone_number = 931132777 AND call_time = '2018-08-07 02:54:30';
INSERT INTO rescue_process VALUES (DEFAULT);
UPDATE emergency_event SET rescue_process_number = 21 WHERE phone_number = 963703682 AND call_time = '2018-07-22 21:48:27';
INSERT INTO rescue_process VALUES (DEFAULT);
UPDATE emergency_event SET rescue_process_number = 22 WHERE phone_number = 964400790 AND call_time = '2018-07-24 00:31:49';
INSERT INTO rescue_process VALUES (DEFAULT);
UPDATE emergency_event SET rescue_process_number = 23 WHERE phone_number = 931639346 AND call_time = '2018-06-08 05:49:45';
INSERT INTO rescue_process VALUES (DEFAULT);
UPDATE emergency_event SET rescue_process_number = 24 WHERE phone_number = 911831718 AND call_time = '2018-07-15 22:11:58';
INSERT INTO rescue_process VALUES (DEFAULT);
UPDATE emergency_event SET rescue_process_number = 25 WHERE phone_number = 933396316 AND call_time = '2018-09-29 01:33:31';
INSERT INTO rescue_process VALUES (DEFAULT);
UPDATE emergency_event SET rescue_process_number = 26 WHERE phone_number = 936041090 AND call_time = '2018-06-06 04:50:50';
INSERT INTO rescue_process VALUES (DEFAULT);
UPDATE emergency_event SET rescue_process_number = 27 WHERE phone_number = 962986208 AND call_time = '2018-09-23 08:22:20';
INSERT INTO rescue_process VALUES (DEFAULT);
UPDATE emergency_event SET rescue_process_number = 28 WHERE phone_number = 966371274 AND call_time = '2018-09-23 15:18:42';
INSERT INTO rescue_process VALUES (DEFAULT);
UPDATE emergency_event SET rescue_process_number = 29 WHERE phone_number = 929785163 AND call_time = '2018-07-22 17:10:52';
INSERT INTO rescue_process VALUES (DEFAULT);
UPDATE emergency_event SET rescue_process_number = 30 WHERE phone_number = 913620020 AND call_time = '2018-06-12 07:23:29';
INSERT INTO rescue_process VALUES (DEFAULT);
UPDATE emergency_event SET rescue_process_number = 31 WHERE phone_number = 932106115 AND call_time = '2018-07-27 05:42:20';
INSERT INTO rescue_process VALUES (DEFAULT);
UPDATE emergency_event SET rescue_process_number = 32 WHERE phone_number = 928703588 AND call_time = '2018-09-24 02:25:08';
INSERT INTO rescue_process VALUES (DEFAULT);
UPDATE emergency_event SET rescue_process_number = 33 WHERE phone_number = 938635731 AND call_time = '2018-09-09 07:40:38';
INSERT INTO rescue_process VALUES (DEFAULT);
UPDATE emergency_event SET rescue_process_number = 34 WHERE phone_number = 966471286 AND call_time = '2018-07-12 13:16:36';
INSERT INTO rescue_process VALUES (DEFAULT);
UPDATE emergency_event SET rescue_process_number = 35 WHERE phone_number = 918556669 AND call_time = '2018-07-23 10:44:11';
INSERT INTO rescue_process VALUES (DEFAULT);
UPDATE emergency_event SET rescue_process_number = 36 WHERE phone_number = 928718499 AND call_time = '2018-08-18 15:23:24';
INSERT INTO rescue_process VALUES (DEFAULT);
UPDATE emergency_event SET rescue_process_number = 37 WHERE phone_number = 939963935 AND call_time = '2018-08-21 18:44:10';
INSERT INTO rescue_process VALUES (DEFAULT);
UPDATE emergency_event SET rescue_process_number = 38 WHERE phone_number = 932455412 AND call_time = '2018-09-28 14:45:37';
INSERT INTO rescue_process VALUES (DEFAULT);
UPDATE emergency_event SET rescue_process_number = 39 WHERE phone_number = 915005142 AND call_time = '2018-08-05 18:45:17';
INSERT INTO rescue_process VALUES (DEFAULT);
UPDATE emergency_event SET rescue_process_number = 40 WHERE phone_number = 935995067 AND call_time = '2018-07-26 23:11:06';
INSERT INTO rescue_process VALUES (DEFAULT);
UPDATE emergency_event SET rescue_process_number = 41 WHERE phone_number = 928814615 AND call_time = '2018-07-03 02:35:11';
INSERT INTO rescue_process VALUES (DEFAULT);
UPDATE emergency_event SET rescue_process_number = 42 WHERE phone_number = 931615841 AND call_time = '2018-09-11 18:47:02';
INSERT INTO rescue_process VALUES (DEFAULT);
UPDATE emergency_event SET rescue_process_number = 43 WHERE phone_number = 916500915 AND call_time = '2018-06-20 02:31:42';
INSERT INTO rescue_process VALUES (DEFAULT);
UPDATE emergency_event SET rescue_process_number = 44 WHERE phone_number = 968452227 AND call_time = '2018-09-30 04:42:10';
INSERT INTO rescue_process VALUES (DEFAULT);
UPDATE emergency_event SET rescue_process_number = 45 WHERE phone_number = 928970319 AND call_time = '2018-07-17 23:37:08';
INSERT INTO rescue_process VALUES (DEFAULT);
UPDATE emergency_event SET rescue_process_number = 46 WHERE phone_number = 919461024 AND call_time = '2018-07-04 08:14:21';
INSERT INTO rescue_process VALUES (DEFAULT);
UPDATE emergency_event SET rescue_process_number = 47 WHERE phone_number = 965027464 AND call_time = '2018-09-10 01:28:32';
INSERT INTO rescue_process VALUES (DEFAULT);
UPDATE emergency_event SET rescue_process_number = 48 WHERE phone_number = 931502518 AND call_time = '2018-09-30 15:35:24';
INSERT INTO rescue_process VALUES (DEFAULT);
UPDATE emergency_event SET rescue_process_number = 49 WHERE phone_number = 915074225 AND call_time = '2018-09-17 19:30:02';
INSERT INTO rescue_process VALUES (DEFAULT);
UPDATE emergency_event SET rescue_process_number = 50 WHERE phone_number = 917981001 AND call_time = '2018-08-13 21:48:06';
INSERT INTO rescue_process VALUES (DEFAULT);
UPDATE emergency_event SET rescue_process_number = 51 WHERE phone_number = 937193737 AND call_time = '2018-09-17 08:19:52';
INSERT INTO rescue_process VALUES (DEFAULT);
UPDATE emergency_event SET rescue_process_number = 52 WHERE phone_number = 937394879 AND call_time = '2018-08-26 00:21:29';
INSERT INTO rescue_process VALUES (DEFAULT);
UPDATE emergency_event SET rescue_process_number = 53 WHERE phone_number = 926439626 AND call_time = '2018-08-25 04:20:42';
INSERT INTO rescue_process VALUES (DEFAULT);
UPDATE emergency_event SET rescue_process_number = 54 WHERE phone_number = 969233015 AND call_time = '2018-07-03 14:36:15';
INSERT INTO rescue_process VALUES (DEFAULT);
UPDATE emergency_event SET rescue_process_number = 55 WHERE phone_number = 969794409 AND call_time = '2018-06-06 17:33:49';
INSERT INTO rescue_process VALUES (DEFAULT);
UPDATE emergency_event SET rescue_process_number = 56 WHERE phone_number = 934190625 AND call_time = '2018-07-01 14:30:38';
INSERT INTO rescue_process VALUES (DEFAULT);
UPDATE emergency_event SET rescue_process_number = 57 WHERE phone_number = 966081670 AND call_time = '2018-09-25 02:39:36';
INSERT INTO rescue_process VALUES (DEFAULT);
UPDATE emergency_event SET rescue_process_number = 58 WHERE phone_number = 961266650 AND call_time = '2018-08-07 03:27:41';
INSERT INTO rescue_process VALUES (DEFAULT);
UPDATE emergency_event SET rescue_process_number = 59 WHERE phone_number = 935442769 AND call_time = '2018-08-03 14:16:11';
INSERT INTO rescue_process VALUES (DEFAULT);
UPDATE emergency_event SET rescue_process_number = 60 WHERE phone_number = 918719232 AND call_time = '2018-07-01 12:10:00';
INSERT INTO rescue_process VALUES (DEFAULT);
UPDATE emergency_event SET rescue_process_number = 61 WHERE phone_number = 966210967 AND call_time = '2018-08-12 10:49:48';
INSERT INTO rescue_process VALUES (DEFAULT);
UPDATE emergency_event SET rescue_process_number = 62 WHERE phone_number = 967712037 AND call_time = '2018-09-21 00:38:45';
INSERT INTO rescue_process VALUES (DEFAULT);
UPDATE emergency_event SET rescue_process_number = 63 WHERE phone_number = 914254884 AND call_time = '2018-09-03 21:47:40';
INSERT INTO rescue_process VALUES (DEFAULT);
UPDATE emergency_event SET rescue_process_number = 64 WHERE phone_number = 922392782 AND call_time = '2018-09-27 10:24:12';
INSERT INTO rescue_process VALUES (DEFAULT);
UPDATE emergency_event SET rescue_process_number = 65 WHERE phone_number = 939829871 AND call_time = '2018-06-09 22:48:56';
INSERT INTO rescue_process VALUES (DEFAULT);
UPDATE emergency_event SET rescue_process_number = 66 WHERE phone_number = 929220934 AND call_time = '2018-09-22 11:50:59';
INSERT INTO rescue_process VALUES (DEFAULT);
UPDATE emergency_event SET rescue_process_number = 67 WHERE phone_number = 935998227 AND call_time = '2018-07-23 19:14:35';
INSERT INTO rescue_process VALUES (DEFAULT);
UPDATE emergency_event SET rescue_process_number = 68 WHERE phone_number = 921401634 AND call_time = '2018-07-30 03:33:42';
INSERT INTO rescue_process VALUES (DEFAULT);
UPDATE emergency_event SET rescue_process_number = 69 WHERE phone_number = 926895038 AND call_time = '2018-09-09 05:45:59';
INSERT INTO rescue_process VALUES (DEFAULT);
UPDATE emergency_event SET rescue_process_number = 70 WHERE phone_number = 928386646 AND call_time = '2018-09-09 16:54:22';
INSERT INTO rescue_process VALUES (DEFAULT);
UPDATE emergency_event SET rescue_process_number = 71 WHERE phone_number = 925271388 AND call_time = '2018-08-28 10:18:37';
INSERT INTO rescue_process VALUES (DEFAULT);
UPDATE emergency_event SET rescue_process_number = 72 WHERE phone_number = 921603964 AND call_time = '2018-07-05 07:22:31';
INSERT INTO rescue_process VALUES (DEFAULT);
UPDATE emergency_event SET rescue_process_number = 73 WHERE phone_number = 965569849 AND call_time = '2018-09-27 03:16:59';
INSERT INTO rescue_process VALUES (DEFAULT);
UPDATE emergency_event SET rescue_process_number = 74 WHERE phone_number = 926443326 AND call_time = '2018-09-28 22:52:26';
INSERT INTO rescue_process VALUES (DEFAULT);
UPDATE emergency_event SET rescue_process_number = 75 WHERE phone_number = 923838201 AND call_time = '2018-07-30 19:24:33';
INSERT INTO rescue_process VALUES (DEFAULT);
UPDATE emergency_event SET rescue_process_number = 76 WHERE phone_number = 962004227 AND call_time = '2018-07-29 08:47:34';
INSERT INTO rescue_process VALUES (DEFAULT);
UPDATE emergency_event SET rescue_process_number = 77 WHERE phone_number = 916712941 AND call_time = '2018-07-26 13:44:55';
INSERT INTO rescue_process VALUES (DEFAULT);
UPDATE emergency_event SET rescue_process_number = 78 WHERE phone_number = 922612391 AND call_time = '2018-07-03 06:31:37';
INSERT INTO rescue_process VALUES (DEFAULT);
UPDATE emergency_event SET rescue_process_number = 79 WHERE phone_number = 912851371 AND call_time = '2018-06-24 07:19:26';
INSERT INTO rescue_process VALUES (DEFAULT);
UPDATE emergency_event SET rescue_process_number = 80 WHERE phone_number = 965217680 AND call_time = '2018-09-17 00:17:02';
INSERT INTO rescue_process VALUES (DEFAULT);
UPDATE emergency_event SET rescue_process_number = 81 WHERE phone_number = 965803514 AND call_time = '2018-08-24 06:21:19';
INSERT INTO rescue_process VALUES (DEFAULT);
UPDATE emergency_event SET rescue_process_number = 82 WHERE phone_number = 938457393 AND call_time = '2018-08-05 12:24:09';
INSERT INTO rescue_process VALUES (DEFAULT);
UPDATE emergency_event SET rescue_process_number = 83 WHERE phone_number = 919704086 AND call_time = '2018-07-24 11:34:20';
INSERT INTO rescue_process VALUES (DEFAULT);
UPDATE emergency_event SET rescue_process_number = 84 WHERE phone_number = 965563537 AND call_time = '2018-08-22 09:18:48';
INSERT INTO rescue_process VALUES (DEFAULT);
UPDATE emergency_event SET rescue_process_number = 85 WHERE phone_number = 926019765 AND call_time = '2018-06-23 07:13:59';
INSERT INTO rescue_process VALUES (DEFAULT);
UPDATE emergency_event SET rescue_process_number = 86 WHERE phone_number = 928787626 AND call_time = '2018-09-17 20:45:11';
INSERT INTO rescue_process VALUES (DEFAULT);
UPDATE emergency_event SET rescue_process_number = 87 WHERE phone_number = 964640652 AND call_time = '2018-07-01 02:10:21';
INSERT INTO rescue_process VALUES (DEFAULT);
UPDATE emergency_event SET rescue_process_number = 88 WHERE phone_number = 916454736 AND call_time = '2018-08-06 12:38:08';
INSERT INTO rescue_process VALUES (DEFAULT);
UPDATE emergency_event SET rescue_process_number = 89 WHERE phone_number = 923322654 AND call_time = '2018-06-14 01:16:19';
INSERT INTO rescue_process VALUES (DEFAULT);
UPDATE emergency_event SET rescue_process_number = 90 WHERE phone_number = 939177156 AND call_time = '2018-07-12 00:54:50';
INSERT INTO rescue_process VALUES (DEFAULT);
UPDATE emergency_event SET rescue_process_number = 91 WHERE phone_number = 935580242 AND call_time = '2018-08-03 05:34:07';
INSERT INTO rescue_process VALUES (DEFAULT);
UPDATE emergency_event SET rescue_process_number = 92 WHERE phone_number = 967221282 AND call_time = '2018-08-30 02:50:49';
INSERT INTO rescue_process VALUES (DEFAULT);
UPDATE emergency_event SET rescue_process_number = 93 WHERE phone_number = 921693791 AND call_time = '2018-07-04 12:38:42';
INSERT INTO rescue_process VALUES (DEFAULT);
UPDATE emergency_event SET rescue_process_number = 94 WHERE phone_number = 923320516 AND call_time = '2018-08-28 18:29:27';
INSERT INTO rescue_process VALUES (DEFAULT);
UPDATE emergency_event SET rescue_process_number = 95 WHERE phone_number = 914127166 AND call_time = '2018-06-10 14:49:06';
INSERT INTO rescue_process VALUES (DEFAULT);
UPDATE emergency_event SET rescue_process_number = 96 WHERE phone_number = 919713886 AND call_time = '2018-06-16 16:30:19';
INSERT INTO rescue_process VALUES (DEFAULT);
UPDATE emergency_event SET rescue_process_number = 97 WHERE phone_number = 939274808 AND call_time = '2018-09-10 16:13:35';
INSERT INTO rescue_process VALUES (DEFAULT);
UPDATE emergency_event SET rescue_process_number = 98 WHERE phone_number = 936181901 AND call_time = '2018-06-06 19:21:05';
INSERT INTO rescue_process VALUES (DEFAULT);
UPDATE emergency_event SET rescue_process_number = 99 WHERE phone_number = 932012236 AND call_time = '2018-08-12 21:17:22';
INSERT INTO rescue_process VALUES (DEFAULT);
UPDATE emergency_event SET rescue_process_number = 100 WHERE phone_number = 923158549 AND call_time = '2018-08-17 09:21:04';
INSERT INTO rescue_process VALUES (DEFAULT);
UPDATE emergency_event SET rescue_process_number = 101 WHERE phone_number = 931183659 AND call_time = '2018-07-05 09:18:43';
INSERT INTO rescue_process VALUES (DEFAULT);
UPDATE emergency_event SET rescue_process_number = 102 WHERE phone_number = 917134009 AND call_time = '2018-08-14 13:47:39';
INSERT INTO rescue_process VALUES (DEFAULT);
UPDATE emergency_event SET rescue_process_number = 103 WHERE phone_number = 938512415 AND call_time = '2018-06-03 22:40:11';
INSERT INTO rescue_process VALUES (DEFAULT);
UPDATE emergency_event SET rescue_process_number = 104 WHERE phone_number = 927732721 AND call_time = '2018-08-06 06:23:25';
INSERT INTO rescue_process VALUES (DEFAULT);
UPDATE emergency_event SET rescue_process_number = 105 WHERE phone_number = 921316501 AND call_time = '2018-09-11 19:10:54';
INSERT INTO rescue_process VALUES (DEFAULT);
UPDATE emergency_event SET rescue_process_number = 106 WHERE phone_number = 926735447 AND call_time = '2018-06-06 03:24:40';
INSERT INTO rescue_process VALUES (DEFAULT);
UPDATE emergency_event SET rescue_process_number = 107 WHERE phone_number = 911236105 AND call_time = '2018-06-25 13:40:35';
INSERT INTO rescue_process VALUES (DEFAULT);
UPDATE emergency_event SET rescue_process_number = 108 WHERE phone_number = 932542388 AND call_time = '2018-09-12 06:24:35';
INSERT INTO rescue_process VALUES (DEFAULT);
UPDATE emergency_event SET rescue_process_number = 109 WHERE phone_number = 927859234 AND call_time = '2018-09-11 08:13:49';
INSERT INTO rescue_process VALUES (DEFAULT);
UPDATE emergency_event SET rescue_process_number = 110 WHERE phone_number = 965753425 AND call_time = '2018-06-18 14:28:57';
INSERT INTO rescue_process VALUES (DEFAULT);
UPDATE emergency_event SET rescue_process_number = 111 WHERE phone_number = 922675656 AND call_time = '2018-08-23 08:21:44';
INSERT INTO rescue_process VALUES (DEFAULT);
UPDATE emergency_event SET rescue_process_number = 112 WHERE phone_number = 933607079 AND call_time = '2018-06-24 16:51:52';
INSERT INTO rescue_process VALUES (DEFAULT);
UPDATE emergency_event SET rescue_process_number = 113 WHERE phone_number = 913578624 AND call_time = '2018-06-12 01:37:45';
INSERT INTO rescue_process VALUES (DEFAULT);
UPDATE emergency_event SET rescue_process_number = 114 WHERE phone_number = 919914827 AND call_time = '2018-06-07 05:35:49';
INSERT INTO rescue_process VALUES (DEFAULT);
UPDATE emergency_event SET rescue_process_number = 115 WHERE phone_number = 921281130 AND call_time = '2018-09-14 07:50:11';
INSERT INTO rescue_process VALUES (DEFAULT);
UPDATE emergency_event SET rescue_process_number = 116 WHERE phone_number = 922180165 AND call_time = '2018-08-15 05:10:10';
INSERT INTO rescue_process VALUES (DEFAULT);
UPDATE emergency_event SET rescue_process_number = 117 WHERE phone_number = 935143515 AND call_time = '2018-07-24 21:28:19';
INSERT INTO rescue_process VALUES (DEFAULT);
UPDATE emergency_event SET rescue_process_number = 118 WHERE phone_number = 935552427 AND call_time = '2018-09-02 15:19:23';
INSERT INTO rescue_process VALUES (DEFAULT);
UPDATE emergency_event SET rescue_process_number = 119 WHERE phone_number = 969567653 AND call_time = '2018-06-01 00:39:01';
INSERT INTO rescue_process VALUES (DEFAULT);
UPDATE emergency_event SET rescue_process_number = 120 WHERE phone_number = 939224062 AND call_time = '2018-09-11 21:33:27';

INSERT INTO medium_entity VALUES ('Police Entity');
INSERT INTO medium_entity VALUES ('Army Entity');
INSERT INTO medium_entity VALUES ('Firefighter Entity');
INSERT INTO medium_entity VALUES ('Ambulance Entity');
INSERT INTO medium_entity VALUES ('Entity 1');
INSERT INTO medium_entity VALUES ('Entity 2');
INSERT INTO medium_entity VALUES ('Entity 3');
INSERT INTO medium_entity VALUES ('Entity 4');
INSERT INTO medium_entity VALUES ('Entity 5');
INSERT INTO medium_entity VALUES ('Entity 6');
INSERT INTO medium_entity VALUES ('Entity 7');
INSERT INTO medium_entity VALUES ('Entity 8');
INSERT INTO medium_entity VALUES ('Entity 9');
INSERT INTO medium_entity VALUES ('Entity 10');
INSERT INTO medium_entity VALUES ('Entity 11');
INSERT INTO medium_entity VALUES ('Entity 12');
INSERT INTO medium_entity VALUES ('Entity 13');
INSERT INTO medium_entity VALUES ('Entity 14');
INSERT INTO medium_entity VALUES ('Entity 15');
INSERT INTO medium_entity VALUES ('Entity 16');
INSERT INTO medium_entity VALUES ('Entity 17');
INSERT INTO medium_entity VALUES ('Entity 18');
INSERT INTO medium_entity VALUES ('Entity 19');
INSERT INTO medium_entity VALUES ('Entity 20');
INSERT INTO medium_entity VALUES ('Entity 21');
INSERT INTO medium_entity VALUES ('Entity 22');
INSERT INTO medium_entity VALUES ('Entity 23');
INSERT INTO medium_entity VALUES ('Entity 24');
INSERT INTO medium_entity VALUES ('Entity 25');
INSERT INTO medium_entity VALUES ('Entity 26');
INSERT INTO medium_entity VALUES ('Entity 27');
INSERT INTO medium_entity VALUES ('Entity 28');
INSERT INTO medium_entity VALUES ('Entity 29');
INSERT INTO medium_entity VALUES ('Entity 30');
INSERT INTO medium_entity VALUES ('Entity 31');
INSERT INTO medium_entity VALUES ('Entity 32');
INSERT INTO medium_entity VALUES ('Entity 33');
INSERT INTO medium_entity VALUES ('Entity 34');
INSERT INTO medium_entity VALUES ('Entity 35');
INSERT INTO medium_entity VALUES ('Entity 36');
INSERT INTO medium_entity VALUES ('Entity 37');
INSERT INTO medium_entity VALUES ('Entity 38');
INSERT INTO medium_entity VALUES ('Entity 39');
INSERT INTO medium_entity VALUES ('Entity 40');
INSERT INTO medium_entity VALUES ('Entity 41');
INSERT INTO medium_entity VALUES ('Entity 42');
INSERT INTO medium_entity VALUES ('Entity 43');
INSERT INTO medium_entity VALUES ('Entity 44');
INSERT INTO medium_entity VALUES ('Entity 45');
INSERT INTO medium_entity VALUES ('Entity 46');
INSERT INTO medium_entity VALUES ('Entity 47');
INSERT INTO medium_entity VALUES ('Entity 48');
INSERT INTO medium_entity VALUES ('Entity 49');
INSERT INTO medium_entity VALUES ('Entity 50');
INSERT INTO medium_entity VALUES ('Entity 51');
INSERT INTO medium_entity VALUES ('Entity 52');
INSERT INTO medium_entity VALUES ('Entity 53');
INSERT INTO medium_entity VALUES ('Entity 54');
INSERT INTO medium_entity VALUES ('Entity 55');
INSERT INTO medium_entity VALUES ('Entity 56');
INSERT INTO medium_entity VALUES ('Entity 57');
INSERT INTO medium_entity VALUES ('Entity 58');
INSERT INTO medium_entity VALUES ('Entity 59');
INSERT INTO medium_entity VALUES ('Entity 60');
INSERT INTO medium_entity VALUES ('Entity 61');
INSERT INTO medium_entity VALUES ('Entity 62');
INSERT INTO medium_entity VALUES ('Entity 63');
INSERT INTO medium_entity VALUES ('Entity 64');
INSERT INTO medium_entity VALUES ('Entity 65');
INSERT INTO medium_entity VALUES ('Entity 66');
INSERT INTO medium_entity VALUES ('Entity 67');
INSERT INTO medium_entity VALUES ('Entity 68');
INSERT INTO medium_entity VALUES ('Entity 69');
INSERT INTO medium_entity VALUES ('Entity 70');
INSERT INTO medium_entity VALUES ('Entity 71');
INSERT INTO medium_entity VALUES ('Entity 72');
INSERT INTO medium_entity VALUES ('Entity 73');
INSERT INTO medium_entity VALUES ('Entity 74');
INSERT INTO medium_entity VALUES ('Entity 75');
INSERT INTO medium_entity VALUES ('Entity 76');
INSERT INTO medium_entity VALUES ('Entity 77');
INSERT INTO medium_entity VALUES ('Entity 78');
INSERT INTO medium_entity VALUES ('Entity 79');
INSERT INTO medium_entity VALUES ('Entity 80');
INSERT INTO medium_entity VALUES ('Entity 81');
INSERT INTO medium_entity VALUES ('Entity 82');
INSERT INTO medium_entity VALUES ('Entity 83');
INSERT INTO medium_entity VALUES ('Entity 84');
INSERT INTO medium_entity VALUES ('Entity 85');
INSERT INTO medium_entity VALUES ('Entity 86');
INSERT INTO medium_entity VALUES ('Entity 87');
INSERT INTO medium_entity VALUES ('Entity 88');
INSERT INTO medium_entity VALUES ('Entity 89');
INSERT INTO medium_entity VALUES ('Entity 90');
INSERT INTO medium_entity VALUES ('Entity 91');
INSERT INTO medium_entity VALUES ('Entity 92');
INSERT INTO medium_entity VALUES ('Entity 93');
INSERT INTO medium_entity VALUES ('Entity 94');
INSERT INTO medium_entity VALUES ('Entity 95');
INSERT INTO medium_entity VALUES ('Entity 96');

INSERT INTO medium VALUES (DEFAULT, 'Firefighter Entity Vehicle Type 1', 'Firefighter Entity');
INSERT INTO medium VALUES (DEFAULT, 'Police Entity Vehicle Type 1', 'Police Entity');
INSERT INTO medium VALUES (DEFAULT, 'Army Entity Vehicle Type 1', 'Army Entity');
INSERT INTO medium VALUES (DEFAULT, 'Ambulance Entity Vehicle Type 1', 'Ambulance Entity');
INSERT INTO medium VALUES (DEFAULT, 'Ambulance Entity Vehicle Type 2', 'Ambulance Entity');
INSERT INTO medium VALUES (DEFAULT, 'Firefighter Entity Vehicle Type 2', 'Firefighter Entity');
INSERT INTO medium VALUES (DEFAULT, 'Army Entity Vehicle Type 2', 'Army Entity');
INSERT INTO medium VALUES (DEFAULT, 'Ambulance Entity Vehicle Type 3', 'Ambulance Entity');
INSERT INTO medium VALUES (DEFAULT, 'Ambulance Entity Vehicle Type 4', 'Ambulance Entity');
INSERT INTO medium VALUES (DEFAULT, 'Army Entity Vehicle Type 3', 'Army Entity');
INSERT INTO medium VALUES (DEFAULT, 'Firefighter Entity Vehicle Type 3', 'Firefighter Entity');
INSERT INTO medium VALUES (DEFAULT, 'Police Entity Vehicle Type 2', 'Police Entity');
INSERT INTO medium VALUES (DEFAULT, 'Army Entity Vehicle Type 4', 'Army Entity');
INSERT INTO medium VALUES (DEFAULT, 'Ambulance Entity Vehicle Type 5', 'Ambulance Entity');
INSERT INTO medium VALUES (DEFAULT, 'Ambulance Entity Vehicle Type 6', 'Ambulance Entity');
INSERT INTO medium VALUES (DEFAULT, 'Firefighter Entity Vehicle Type 4', 'Firefighter Entity');
INSERT INTO medium VALUES (DEFAULT, 'Firefighter Entity Vehicle Type 5', 'Firefighter Entity');
INSERT INTO medium VALUES (DEFAULT, 'Ambulance Entity Vehicle Type 7', 'Ambulance Entity');
INSERT INTO medium VALUES (DEFAULT, 'Ambulance Entity Vehicle Type 8', 'Ambulance Entity');
INSERT INTO medium VALUES (DEFAULT, 'Police Entity Vehicle Type 3', 'Police Entity');
INSERT INTO medium VALUES (DEFAULT, 'Police Entity Vehicle Type 4', 'Police Entity');
INSERT INTO medium VALUES (DEFAULT, 'Army Entity Vehicle Type 5', 'Army Entity');
INSERT INTO medium VALUES (DEFAULT, 'Firefighter Entity Vehicle Type 6', 'Firefighter Entity');
INSERT INTO medium VALUES (DEFAULT, 'Ambulance Entity Vehicle Type 9', 'Ambulance Entity');
INSERT INTO medium VALUES (DEFAULT, 'Army Entity Vehicle Type 6', 'Army Entity');
INSERT INTO medium VALUES (DEFAULT, 'Ambulance Entity Vehicle Type 10', 'Ambulance Entity');
INSERT INTO medium VALUES (DEFAULT, 'Ambulance Entity Vehicle Type 11', 'Ambulance Entity');
INSERT INTO medium VALUES (DEFAULT, 'Firefighter Entity Vehicle Type 7', 'Firefighter Entity');
INSERT INTO medium VALUES (DEFAULT, 'Army Entity Vehicle Type 7', 'Army Entity');
INSERT INTO medium VALUES (DEFAULT, 'Ambulance Entity Vehicle Type 12', 'Ambulance Entity');
INSERT INTO medium VALUES (DEFAULT, 'Firefighter Entity Vehicle Type 8', 'Firefighter Entity');
INSERT INTO medium VALUES (DEFAULT, 'Police Entity Vehicle Type 5', 'Police Entity');
INSERT INTO medium VALUES (DEFAULT, 'Firefighter Entity Vehicle Type 9', 'Firefighter Entity');
INSERT INTO medium VALUES (DEFAULT, 'Police Entity Vehicle Type 6', 'Police Entity');
INSERT INTO medium VALUES (DEFAULT, 'Army Entity Vehicle Type 8', 'Army Entity');
INSERT INTO medium VALUES (DEFAULT, 'Police Entity Vehicle Type 7', 'Police Entity');
INSERT INTO medium VALUES (DEFAULT, 'Firefighter Entity Vehicle Type 10', 'Firefighter Entity');
INSERT INTO medium VALUES (DEFAULT, 'Firefighter Entity Vehicle Type 11', 'Firefighter Entity');
INSERT INTO medium VALUES (DEFAULT, 'Police Entity Vehicle Type 8', 'Police Entity');
INSERT INTO medium VALUES (DEFAULT, 'Police Entity Vehicle Type 9', 'Police Entity');
INSERT INTO medium VALUES (DEFAULT, 'Police Entity Vehicle Type 10', 'Police Entity');
INSERT INTO medium VALUES (DEFAULT, 'Ambulance Entity Vehicle Type 13', 'Ambulance Entity');
INSERT INTO medium VALUES (DEFAULT, 'Army Entity Vehicle Type 9', 'Army Entity');
INSERT INTO medium VALUES (DEFAULT, 'Police Entity Vehicle Type 11', 'Police Entity');
INSERT INTO medium VALUES (DEFAULT, 'Army Entity Vehicle Type 10', 'Army Entity');
INSERT INTO medium VALUES (DEFAULT, 'Ambulance Entity Vehicle Type 14', 'Ambulance Entity');
INSERT INTO medium VALUES (DEFAULT, 'Army Entity Vehicle Type 11', 'Army Entity');
INSERT INTO medium VALUES (DEFAULT, 'Ambulance Entity Vehicle Type 15', 'Ambulance Entity');
INSERT INTO medium VALUES (DEFAULT, 'Army Entity Vehicle Type 12', 'Army Entity');
INSERT INTO medium VALUES (DEFAULT, 'Ambulance Entity Vehicle Type 16', 'Ambulance Entity');
INSERT INTO medium VALUES (DEFAULT, 'Firefighter Entity Vehicle Type 12', 'Firefighter Entity');
INSERT INTO medium VALUES (DEFAULT, 'Army Entity Vehicle Type 13', 'Army Entity');
INSERT INTO medium VALUES (DEFAULT, 'Firefighter Entity Vehicle Type 13', 'Firefighter Entity');
INSERT INTO medium VALUES (DEFAULT, 'Ambulance Entity Vehicle Type 17', 'Ambulance Entity');
INSERT INTO medium VALUES (DEFAULT, 'Police Entity Vehicle Type 12', 'Police Entity');
INSERT INTO medium VALUES (DEFAULT, 'Police Entity Vehicle Type 13', 'Police Entity');
INSERT INTO medium VALUES (DEFAULT, 'Firefighter Entity Vehicle Type 14', 'Firefighter Entity');
INSERT INTO medium VALUES (DEFAULT, 'Firefighter Entity Vehicle Type 15', 'Firefighter Entity');
INSERT INTO medium VALUES (DEFAULT, 'Army Entity Vehicle Type 14', 'Army Entity');
INSERT INTO medium VALUES (DEFAULT, 'Ambulance Entity Vehicle Type 18', 'Ambulance Entity');
INSERT INTO medium VALUES (DEFAULT, 'Ambulance Entity Vehicle Type 19', 'Ambulance Entity');
INSERT INTO medium VALUES (DEFAULT, 'Police Entity Vehicle Type 14', 'Police Entity');
INSERT INTO medium VALUES (DEFAULT, 'Police Entity Vehicle Type 15', 'Police Entity');
INSERT INTO medium VALUES (DEFAULT, 'Police Entity Vehicle Type 16', 'Police Entity');
INSERT INTO medium VALUES (DEFAULT, 'Firefighter Entity Vehicle Type 16', 'Firefighter Entity');
INSERT INTO medium VALUES (DEFAULT, 'Ambulance Entity Vehicle Type 20', 'Ambulance Entity');
INSERT INTO medium VALUES (DEFAULT, 'Firefighter Entity Vehicle Type 17', 'Firefighter Entity');
INSERT INTO medium VALUES (DEFAULT, 'Army Entity Vehicle Type 15', 'Army Entity');
INSERT INTO medium VALUES (DEFAULT, 'Police Entity Vehicle Type 17', 'Police Entity');
INSERT INTO medium VALUES (DEFAULT, 'Army Entity Vehicle Type 16', 'Army Entity');
INSERT INTO medium VALUES (DEFAULT, 'Army Entity Vehicle Type 17', 'Army Entity');
INSERT INTO medium VALUES (DEFAULT, 'Ambulance Entity Vehicle Type 21', 'Ambulance Entity');
INSERT INTO medium VALUES (DEFAULT, 'Firefighter Entity Vehicle Type 18', 'Firefighter Entity');
INSERT INTO medium VALUES (DEFAULT, 'Firefighter Entity Vehicle Type 19', 'Firefighter Entity');
INSERT INTO medium VALUES (DEFAULT, 'Police Entity Vehicle Type 18', 'Police Entity');
INSERT INTO medium VALUES (DEFAULT, 'Firefighter Entity Vehicle Type 20', 'Firefighter Entity');
INSERT INTO medium VALUES (DEFAULT, 'Army Entity Vehicle Type 18', 'Army Entity');
INSERT INTO medium VALUES (DEFAULT, 'Police Entity Vehicle Type 19', 'Police Entity');
INSERT INTO medium VALUES (DEFAULT, 'Ambulance Entity Vehicle Type 22', 'Ambulance Entity');
INSERT INTO medium VALUES (DEFAULT, 'Ambulance Entity Vehicle Type 23', 'Ambulance Entity');
INSERT INTO medium VALUES (DEFAULT, 'Army Entity Vehicle Type 19', 'Army Entity');
INSERT INTO medium VALUES (DEFAULT, 'Ambulance Entity Vehicle Type 24', 'Ambulance Entity');
INSERT INTO medium VALUES (DEFAULT, 'Army Entity Vehicle Type 20', 'Army Entity');
INSERT INTO medium VALUES (DEFAULT, 'Army Entity Vehicle Type 21', 'Army Entity');
INSERT INTO medium VALUES (DEFAULT, 'Police Entity Vehicle Type 20', 'Police Entity');
INSERT INTO medium VALUES (DEFAULT, 'Police Entity Vehicle Type 21', 'Police Entity');
INSERT INTO medium VALUES (DEFAULT, 'Army Entity Vehicle Type 22', 'Army Entity');
INSERT INTO medium VALUES (DEFAULT, 'Firefighter Entity Vehicle Type 21', 'Firefighter Entity');
INSERT INTO medium VALUES (DEFAULT, 'Police Entity Vehicle Type 22', 'Police Entity');
INSERT INTO medium VALUES (DEFAULT, 'Army Entity Vehicle Type 23', 'Army Entity');
INSERT INTO medium VALUES (DEFAULT, 'Ambulance Entity Vehicle Type 25', 'Ambulance Entity');
INSERT INTO medium VALUES (DEFAULT, 'Army Entity Vehicle Type 24', 'Army Entity');
INSERT INTO medium VALUES (DEFAULT, 'Ambulance Entity Vehicle Type 26', 'Ambulance Entity');
INSERT INTO medium VALUES (DEFAULT, 'Firefighter Entity Vehicle Type 22', 'Firefighter Entity');
INSERT INTO medium VALUES (DEFAULT, 'Army Entity Vehicle Type 25', 'Army Entity');
INSERT INTO medium VALUES (DEFAULT, 'Police Entity Vehicle Type 23', 'Police Entity');
INSERT INTO medium VALUES (DEFAULT, 'Police Entity Vehicle Type 24', 'Police Entity');
INSERT INTO medium VALUES (DEFAULT, 'Army Entity Vehicle Type 26', 'Army Entity');
INSERT INTO medium VALUES (DEFAULT, 'Police Entity Vehicle Type 25', 'Police Entity');
INSERT INTO medium VALUES (DEFAULT, 'Ambulance Entity Vehicle Type 27', 'Ambulance Entity');
INSERT INTO medium VALUES (DEFAULT, 'Entity 59 Vehicle Type 1', 'Entity 59');
INSERT INTO medium VALUES (DEFAULT, 'Entity 77 Vehicle Type 1', 'Entity 77');
INSERT INTO medium VALUES (DEFAULT, 'Entity 9 Vehicle Type 1', 'Entity 9');
INSERT INTO medium VALUES (DEFAULT, 'Entity 33 Vehicle Type 1', 'Entity 33');
INSERT INTO medium VALUES (DEFAULT, 'Entity 55 Vehicle Type 1', 'Entity 55');
INSERT INTO medium VALUES (DEFAULT, 'Entity 66 Vehicle Type 1', 'Entity 66');
INSERT INTO medium VALUES (DEFAULT, 'Entity 41 Vehicle Type 1', 'Entity 41');
INSERT INTO medium VALUES (DEFAULT, 'Entity 49 Vehicle Type 1', 'Entity 49');
INSERT INTO medium VALUES (DEFAULT, 'Entity 23 Vehicle Type 1', 'Entity 23');
INSERT INTO medium VALUES (DEFAULT, 'Entity 30 Vehicle Type 1', 'Entity 30');
INSERT INTO medium VALUES (DEFAULT, 'Entity 68 Vehicle Type 1', 'Entity 68');
INSERT INTO medium VALUES (DEFAULT, 'Entity 78 Vehicle Type 1', 'Entity 78');
INSERT INTO medium VALUES (DEFAULT, 'Entity 66 Vehicle Type 2', 'Entity 66');
INSERT INTO medium VALUES (DEFAULT, 'Entity 90 Vehicle Type 1', 'Entity 90');
INSERT INTO medium VALUES (DEFAULT, 'Entity 26 Vehicle Type 1', 'Entity 26');
INSERT INTO medium VALUES (DEFAULT, 'Entity 33 Vehicle Type 2', 'Entity 33');
INSERT INTO medium VALUES (DEFAULT, 'Entity 46 Vehicle Type 1', 'Entity 46');
INSERT INTO medium VALUES (DEFAULT, 'Entity 35 Vehicle Type 1', 'Entity 35');
INSERT INTO medium VALUES (DEFAULT, 'Entity 56 Vehicle Type 1', 'Entity 56');
INSERT INTO medium VALUES (DEFAULT, 'Entity 56 Vehicle Type 2', 'Entity 56');
INSERT INTO medium VALUES (DEFAULT, 'Entity 46 Vehicle Type 2', 'Entity 46');
INSERT INTO medium VALUES (DEFAULT, 'Entity 19 Vehicle Type 1', 'Entity 19');
INSERT INTO medium VALUES (DEFAULT, 'Entity 4 Vehicle Type 1', 'Entity 4');
INSERT INTO medium VALUES (DEFAULT, 'Entity 41 Vehicle Type 2', 'Entity 41');
INSERT INTO medium VALUES (DEFAULT, 'Entity 48 Vehicle Type 1', 'Entity 48');
INSERT INTO medium VALUES (DEFAULT, 'Entity 16 Vehicle Type 1', 'Entity 16');
INSERT INTO medium VALUES (DEFAULT, 'Entity 14 Vehicle Type 1', 'Entity 14');
INSERT INTO medium VALUES (DEFAULT, 'Entity 31 Vehicle Type 1', 'Entity 31');
INSERT INTO medium VALUES (DEFAULT, 'Entity 52 Vehicle Type 1', 'Entity 52');
INSERT INTO medium VALUES (DEFAULT, 'Entity 75 Vehicle Type 1', 'Entity 75');
INSERT INTO medium VALUES (DEFAULT, 'Entity 55 Vehicle Type 2', 'Entity 55');
INSERT INTO medium VALUES (DEFAULT, 'Entity 62 Vehicle Type 1', 'Entity 62');
INSERT INTO medium VALUES (DEFAULT, 'Entity 29 Vehicle Type 1', 'Entity 29');
INSERT INTO medium VALUES (DEFAULT, 'Entity 94 Vehicle Type 1', 'Entity 94');
INSERT INTO medium VALUES (DEFAULT, 'Entity 25 Vehicle Type 1', 'Entity 25');
INSERT INTO medium VALUES (DEFAULT, 'Entity 95 Vehicle Type 1', 'Entity 95');
INSERT INTO medium VALUES (DEFAULT, 'Entity 71 Vehicle Type 1', 'Entity 71');
INSERT INTO medium VALUES (DEFAULT, 'Entity 12 Vehicle Type 1', 'Entity 12');
INSERT INTO medium VALUES (DEFAULT, 'Entity 6 Vehicle Type 1', 'Entity 6');
INSERT INTO medium VALUES (DEFAULT, 'Entity 36 Vehicle Type 1', 'Entity 36');
INSERT INTO medium VALUES (DEFAULT, 'Entity 71 Vehicle Type 2', 'Entity 71');
INSERT INTO medium VALUES (DEFAULT, 'Entity 54 Vehicle Type 1', 'Entity 54');
INSERT INTO medium VALUES (DEFAULT, 'Entity 10 Vehicle Type 1', 'Entity 10');
INSERT INTO medium VALUES (DEFAULT, 'Entity 87 Vehicle Type 1', 'Entity 87');
INSERT INTO medium VALUES (DEFAULT, 'Entity 5 Vehicle Type 1', 'Entity 5');
INSERT INTO medium VALUES (DEFAULT, 'Entity 21 Vehicle Type 1', 'Entity 21');
INSERT INTO medium VALUES (DEFAULT, 'Entity 86 Vehicle Type 1', 'Entity 86');
INSERT INTO medium VALUES (DEFAULT, 'Entity 84 Vehicle Type 1', 'Entity 84');
INSERT INTO medium VALUES (DEFAULT, 'Entity 15 Vehicle Type 1', 'Entity 15');
INSERT INTO medium VALUES (DEFAULT, 'Entity 67 Vehicle Type 1', 'Entity 67');

INSERT INTO medium_combat VALUES (1, 'Police Entity');
INSERT INTO medium_combat VALUES (2, 'Police Entity');
INSERT INTO medium_combat VALUES (3, 'Police Entity');
INSERT INTO medium_combat VALUES (4, 'Police Entity');
INSERT INTO medium_combat VALUES (5, 'Police Entity');
INSERT INTO medium_combat VALUES (6, 'Police Entity');
INSERT INTO medium_combat VALUES (7, 'Police Entity');
INSERT INTO medium_combat VALUES (8, 'Police Entity');
INSERT INTO medium_combat VALUES (9, 'Police Entity');
INSERT INTO medium_combat VALUES (10, 'Police Entity');
INSERT INTO medium_combat VALUES (11, 'Police Entity');
INSERT INTO medium_combat VALUES (12, 'Police Entity');
INSERT INTO medium_combat VALUES (13, 'Police Entity');
INSERT INTO medium_combat VALUES (14, 'Police Entity');
INSERT INTO medium_combat VALUES (15, 'Police Entity');
INSERT INTO medium_combat VALUES (16, 'Police Entity');
INSERT INTO medium_combat VALUES (17, 'Police Entity');
INSERT INTO medium_combat VALUES (18, 'Police Entity');
INSERT INTO medium_combat VALUES (19, 'Police Entity');
INSERT INTO medium_combat VALUES (20, 'Police Entity');
INSERT INTO medium_combat VALUES (21, 'Police Entity');
INSERT INTO medium_combat VALUES (22, 'Police Entity');
INSERT INTO medium_combat VALUES (23, 'Police Entity');
INSERT INTO medium_combat VALUES (24, 'Police Entity');
INSERT INTO medium_combat VALUES (25, 'Police Entity');
INSERT INTO medium_combat VALUES (1, 'Army Entity');
INSERT INTO medium_combat VALUES (2, 'Army Entity');
INSERT INTO medium_combat VALUES (3, 'Army Entity');
INSERT INTO medium_combat VALUES (4, 'Army Entity');
INSERT INTO medium_combat VALUES (5, 'Army Entity');
INSERT INTO medium_combat VALUES (6, 'Army Entity');
INSERT INTO medium_combat VALUES (7, 'Army Entity');
INSERT INTO medium_combat VALUES (8, 'Army Entity');
INSERT INTO medium_combat VALUES (9, 'Army Entity');
INSERT INTO medium_combat VALUES (10, 'Army Entity');
INSERT INTO medium_combat VALUES (11, 'Army Entity');
INSERT INTO medium_combat VALUES (12, 'Army Entity');
INSERT INTO medium_combat VALUES (13, 'Army Entity');
INSERT INTO medium_combat VALUES (14, 'Army Entity');
INSERT INTO medium_combat VALUES (15, 'Army Entity');
INSERT INTO medium_combat VALUES (16, 'Army Entity');
INSERT INTO medium_combat VALUES (17, 'Army Entity');
INSERT INTO medium_combat VALUES (18, 'Army Entity');
INSERT INTO medium_combat VALUES (19, 'Army Entity');
INSERT INTO medium_combat VALUES (20, 'Army Entity');
INSERT INTO medium_combat VALUES (21, 'Army Entity');
INSERT INTO medium_combat VALUES (22, 'Army Entity');
INSERT INTO medium_combat VALUES (23, 'Army Entity');
INSERT INTO medium_combat VALUES (24, 'Army Entity');
INSERT INTO medium_combat VALUES (25, 'Army Entity');
INSERT INTO medium_combat VALUES (26, 'Army Entity');
INSERT INTO medium_combat VALUES (1, 'Firefighter Entity');
INSERT INTO medium_combat VALUES (2, 'Firefighter Entity');
INSERT INTO medium_combat VALUES (3, 'Firefighter Entity');
INSERT INTO medium_combat VALUES (4, 'Firefighter Entity');
INSERT INTO medium_combat VALUES (5, 'Firefighter Entity');
INSERT INTO medium_combat VALUES (6, 'Firefighter Entity');
INSERT INTO medium_combat VALUES (7, 'Firefighter Entity');
INSERT INTO medium_combat VALUES (8, 'Firefighter Entity');
INSERT INTO medium_combat VALUES (9, 'Firefighter Entity');
INSERT INTO medium_combat VALUES (10, 'Firefighter Entity');
INSERT INTO medium_combat VALUES (11, 'Firefighter Entity');
INSERT INTO medium_combat VALUES (12, 'Firefighter Entity');
INSERT INTO medium_combat VALUES (13, 'Firefighter Entity');
INSERT INTO medium_combat VALUES (14, 'Firefighter Entity');
INSERT INTO medium_combat VALUES (15, 'Firefighter Entity');
INSERT INTO medium_combat VALUES (16, 'Firefighter Entity');
INSERT INTO medium_combat VALUES (17, 'Firefighter Entity');
INSERT INTO medium_combat VALUES (18, 'Firefighter Entity');
INSERT INTO medium_combat VALUES (19, 'Firefighter Entity');
INSERT INTO medium_combat VALUES (20, 'Firefighter Entity');
INSERT INTO medium_combat VALUES (21, 'Firefighter Entity');
INSERT INTO medium_combat VALUES (22, 'Firefighter Entity');
INSERT INTO medium_combat VALUES (1, 'Ambulance Entity');
INSERT INTO medium_combat VALUES (2, 'Ambulance Entity');
INSERT INTO medium_combat VALUES (3, 'Ambulance Entity');
INSERT INTO medium_combat VALUES (4, 'Ambulance Entity');
INSERT INTO medium_combat VALUES (5, 'Ambulance Entity');
INSERT INTO medium_combat VALUES (6, 'Ambulance Entity');
INSERT INTO medium_combat VALUES (7, 'Ambulance Entity');
INSERT INTO medium_combat VALUES (8, 'Ambulance Entity');
INSERT INTO medium_combat VALUES (9, 'Ambulance Entity');
INSERT INTO medium_combat VALUES (10, 'Ambulance Entity');
INSERT INTO medium_combat VALUES (11, 'Ambulance Entity');
INSERT INTO medium_combat VALUES (12, 'Ambulance Entity');
INSERT INTO medium_combat VALUES (13, 'Ambulance Entity');
INSERT INTO medium_combat VALUES (14, 'Ambulance Entity');
INSERT INTO medium_combat VALUES (15, 'Ambulance Entity');
INSERT INTO medium_combat VALUES (16, 'Ambulance Entity');
INSERT INTO medium_combat VALUES (17, 'Ambulance Entity');
INSERT INTO medium_combat VALUES (18, 'Ambulance Entity');
INSERT INTO medium_combat VALUES (19, 'Ambulance Entity');
INSERT INTO medium_combat VALUES (20, 'Ambulance Entity');
INSERT INTO medium_combat VALUES (21, 'Ambulance Entity');
INSERT INTO medium_combat VALUES (22, 'Ambulance Entity');
INSERT INTO medium_combat VALUES (23, 'Ambulance Entity');
INSERT INTO medium_combat VALUES (24, 'Ambulance Entity');
INSERT INTO medium_combat VALUES (25, 'Ambulance Entity');
INSERT INTO medium_combat VALUES (26, 'Ambulance Entity');
INSERT INTO medium_combat VALUES (27, 'Ambulance Entity');
INSERT INTO medium_combat VALUES (1, 'Entity 59');
INSERT INTO medium_combat VALUES (1, 'Entity 62');
INSERT INTO medium_combat VALUES (1, 'Entity 87');
INSERT INTO medium_combat VALUES (1, 'Entity 10');
INSERT INTO medium_combat VALUES (1, 'Entity 52');
INSERT INTO medium_combat VALUES (1, 'Entity 94');
INSERT INTO medium_combat VALUES (1, 'Entity 26');
INSERT INTO medium_combat VALUES (1, 'Entity 90');
INSERT INTO medium_combat VALUES (1, 'Entity 16');
INSERT INTO medium_combat VALUES (1, 'Entity 49');

INSERT INTO medium_support VALUES (1, 'Police Entity');
INSERT INTO medium_support VALUES (2, 'Police Entity');
INSERT INTO medium_support VALUES (3, 'Police Entity');
INSERT INTO medium_support VALUES (4, 'Police Entity');
INSERT INTO medium_support VALUES (5, 'Police Entity');
INSERT INTO medium_support VALUES (6, 'Police Entity');
INSERT INTO medium_support VALUES (7, 'Police Entity');
INSERT INTO medium_support VALUES (8, 'Police Entity');
INSERT INTO medium_support VALUES (9, 'Police Entity');
INSERT INTO medium_support VALUES (10, 'Police Entity');
INSERT INTO medium_support VALUES (11, 'Police Entity');
INSERT INTO medium_support VALUES (12, 'Police Entity');
INSERT INTO medium_support VALUES (13, 'Police Entity');
INSERT INTO medium_support VALUES (14, 'Police Entity');
INSERT INTO medium_support VALUES (15, 'Police Entity');
INSERT INTO medium_support VALUES (16, 'Police Entity');
INSERT INTO medium_support VALUES (17, 'Police Entity');
INSERT INTO medium_support VALUES (18, 'Police Entity');
INSERT INTO medium_support VALUES (19, 'Police Entity');
INSERT INTO medium_support VALUES (20, 'Police Entity');
INSERT INTO medium_support VALUES (21, 'Police Entity');
INSERT INTO medium_support VALUES (22, 'Police Entity');
INSERT INTO medium_support VALUES (23, 'Police Entity');
INSERT INTO medium_support VALUES (24, 'Police Entity');
INSERT INTO medium_support VALUES (25, 'Police Entity');
INSERT INTO medium_support VALUES (1, 'Army Entity');
INSERT INTO medium_support VALUES (2, 'Army Entity');
INSERT INTO medium_support VALUES (3, 'Army Entity');
INSERT INTO medium_support VALUES (4, 'Army Entity');
INSERT INTO medium_support VALUES (5, 'Army Entity');
INSERT INTO medium_support VALUES (6, 'Army Entity');
INSERT INTO medium_support VALUES (7, 'Army Entity');
INSERT INTO medium_support VALUES (8, 'Army Entity');
INSERT INTO medium_support VALUES (9, 'Army Entity');
INSERT INTO medium_support VALUES (10, 'Army Entity');
INSERT INTO medium_support VALUES (11, 'Army Entity');
INSERT INTO medium_support VALUES (12, 'Army Entity');
INSERT INTO medium_support VALUES (13, 'Army Entity');
INSERT INTO medium_support VALUES (14, 'Army Entity');
INSERT INTO medium_support VALUES (15, 'Army Entity');
INSERT INTO medium_support VALUES (16, 'Army Entity');
INSERT INTO medium_support VALUES (17, 'Army Entity');
INSERT INTO medium_support VALUES (18, 'Army Entity');
INSERT INTO medium_support VALUES (19, 'Army Entity');
INSERT INTO medium_support VALUES (20, 'Army Entity');
INSERT INTO medium_support VALUES (21, 'Army Entity');
INSERT INTO medium_support VALUES (22, 'Army Entity');
INSERT INTO medium_support VALUES (23, 'Army Entity');
INSERT INTO medium_support VALUES (24, 'Army Entity');
INSERT INTO medium_support VALUES (25, 'Army Entity');
INSERT INTO medium_support VALUES (26, 'Army Entity');
INSERT INTO medium_support VALUES (1, 'Firefighter Entity');
INSERT INTO medium_support VALUES (2, 'Firefighter Entity');
INSERT INTO medium_support VALUES (3, 'Firefighter Entity');
INSERT INTO medium_support VALUES (4, 'Firefighter Entity');
INSERT INTO medium_support VALUES (5, 'Firefighter Entity');
INSERT INTO medium_support VALUES (6, 'Firefighter Entity');
INSERT INTO medium_support VALUES (7, 'Firefighter Entity');
INSERT INTO medium_support VALUES (8, 'Firefighter Entity');
INSERT INTO medium_support VALUES (9, 'Firefighter Entity');
INSERT INTO medium_support VALUES (10, 'Firefighter Entity');
INSERT INTO medium_support VALUES (11, 'Firefighter Entity');
INSERT INTO medium_support VALUES (12, 'Firefighter Entity');
INSERT INTO medium_support VALUES (13, 'Firefighter Entity');
INSERT INTO medium_support VALUES (14, 'Firefighter Entity');
INSERT INTO medium_support VALUES (15, 'Firefighter Entity');
INSERT INTO medium_support VALUES (16, 'Firefighter Entity');
INSERT INTO medium_support VALUES (17, 'Firefighter Entity');
INSERT INTO medium_support VALUES (18, 'Firefighter Entity');
INSERT INTO medium_support VALUES (19, 'Firefighter Entity');
INSERT INTO medium_support VALUES (20, 'Firefighter Entity');
INSERT INTO medium_support VALUES (21, 'Firefighter Entity');
INSERT INTO medium_support VALUES (22, 'Firefighter Entity');
INSERT INTO medium_support VALUES (1, 'Ambulance Entity');
INSERT INTO medium_support VALUES (2, 'Ambulance Entity');
INSERT INTO medium_support VALUES (3, 'Ambulance Entity');
INSERT INTO medium_support VALUES (4, 'Ambulance Entity');
INSERT INTO medium_support VALUES (5, 'Ambulance Entity');
INSERT INTO medium_support VALUES (6, 'Ambulance Entity');
INSERT INTO medium_support VALUES (7, 'Ambulance Entity');
INSERT INTO medium_support VALUES (8, 'Ambulance Entity');
INSERT INTO medium_support VALUES (9, 'Ambulance Entity');
INSERT INTO medium_support VALUES (10, 'Ambulance Entity');
INSERT INTO medium_support VALUES (11, 'Ambulance Entity');
INSERT INTO medium_support VALUES (12, 'Ambulance Entity');
INSERT INTO medium_support VALUES (13, 'Ambulance Entity');
INSERT INTO medium_support VALUES (14, 'Ambulance Entity');
INSERT INTO medium_support VALUES (15, 'Ambulance Entity');
INSERT INTO medium_support VALUES (16, 'Ambulance Entity');
INSERT INTO medium_support VALUES (17, 'Ambulance Entity');
INSERT INTO medium_support VALUES (18, 'Ambulance Entity');
INSERT INTO medium_support VALUES (19, 'Ambulance Entity');
INSERT INTO medium_support VALUES (20, 'Ambulance Entity');
INSERT INTO medium_support VALUES (21, 'Ambulance Entity');
INSERT INTO medium_support VALUES (22, 'Ambulance Entity');
INSERT INTO medium_support VALUES (23, 'Ambulance Entity');
INSERT INTO medium_support VALUES (24, 'Ambulance Entity');
INSERT INTO medium_support VALUES (25, 'Ambulance Entity');
INSERT INTO medium_support VALUES (26, 'Ambulance Entity');
INSERT INTO medium_support VALUES (27, 'Ambulance Entity');

INSERT INTO medium_rescue VALUES (1, 'Police Entity');
INSERT INTO medium_rescue VALUES (2, 'Police Entity');
INSERT INTO medium_rescue VALUES (3, 'Police Entity');
INSERT INTO medium_rescue VALUES (4, 'Police Entity');
INSERT INTO medium_rescue VALUES (5, 'Police Entity');
INSERT INTO medium_rescue VALUES (6, 'Police Entity');
INSERT INTO medium_rescue VALUES (7, 'Police Entity');
INSERT INTO medium_rescue VALUES (8, 'Police Entity');
INSERT INTO medium_rescue VALUES (9, 'Police Entity');
INSERT INTO medium_rescue VALUES (10, 'Police Entity');
INSERT INTO medium_rescue VALUES (11, 'Police Entity');
INSERT INTO medium_rescue VALUES (12, 'Police Entity');
INSERT INTO medium_rescue VALUES (13, 'Police Entity');
INSERT INTO medium_rescue VALUES (14, 'Police Entity');
INSERT INTO medium_rescue VALUES (15, 'Police Entity');
INSERT INTO medium_rescue VALUES (16, 'Police Entity');
INSERT INTO medium_rescue VALUES (17, 'Police Entity');
INSERT INTO medium_rescue VALUES (18, 'Police Entity');
INSERT INTO medium_rescue VALUES (19, 'Police Entity');
INSERT INTO medium_rescue VALUES (20, 'Police Entity');
INSERT INTO medium_rescue VALUES (21, 'Police Entity');
INSERT INTO medium_rescue VALUES (22, 'Police Entity');
INSERT INTO medium_rescue VALUES (23, 'Police Entity');
INSERT INTO medium_rescue VALUES (24, 'Police Entity');
INSERT INTO medium_rescue VALUES (25, 'Police Entity');
INSERT INTO medium_rescue VALUES (1, 'Army Entity');
INSERT INTO medium_rescue VALUES (2, 'Army Entity');
INSERT INTO medium_rescue VALUES (3, 'Army Entity');
INSERT INTO medium_rescue VALUES (4, 'Army Entity');
INSERT INTO medium_rescue VALUES (5, 'Army Entity');
INSERT INTO medium_rescue VALUES (6, 'Army Entity');
INSERT INTO medium_rescue VALUES (7, 'Army Entity');
INSERT INTO medium_rescue VALUES (8, 'Army Entity');
INSERT INTO medium_rescue VALUES (9, 'Army Entity');
INSERT INTO medium_rescue VALUES (10, 'Army Entity');
INSERT INTO medium_rescue VALUES (11, 'Army Entity');
INSERT INTO medium_rescue VALUES (12, 'Army Entity');
INSERT INTO medium_rescue VALUES (13, 'Army Entity');
INSERT INTO medium_rescue VALUES (14, 'Army Entity');
INSERT INTO medium_rescue VALUES (15, 'Army Entity');
INSERT INTO medium_rescue VALUES (16, 'Army Entity');
INSERT INTO medium_rescue VALUES (17, 'Army Entity');
INSERT INTO medium_rescue VALUES (18, 'Army Entity');
INSERT INTO medium_rescue VALUES (19, 'Army Entity');
INSERT INTO medium_rescue VALUES (20, 'Army Entity');
INSERT INTO medium_rescue VALUES (21, 'Army Entity');
INSERT INTO medium_rescue VALUES (22, 'Army Entity');
INSERT INTO medium_rescue VALUES (23, 'Army Entity');
INSERT INTO medium_rescue VALUES (24, 'Army Entity');
INSERT INTO medium_rescue VALUES (25, 'Army Entity');
INSERT INTO medium_rescue VALUES (26, 'Army Entity');
INSERT INTO medium_rescue VALUES (1, 'Firefighter Entity');
INSERT INTO medium_rescue VALUES (2, 'Firefighter Entity');
INSERT INTO medium_rescue VALUES (3, 'Firefighter Entity');
INSERT INTO medium_rescue VALUES (4, 'Firefighter Entity');
INSERT INTO medium_rescue VALUES (5, 'Firefighter Entity');
INSERT INTO medium_rescue VALUES (6, 'Firefighter Entity');
INSERT INTO medium_rescue VALUES (7, 'Firefighter Entity');
INSERT INTO medium_rescue VALUES (8, 'Firefighter Entity');
INSERT INTO medium_rescue VALUES (9, 'Firefighter Entity');
INSERT INTO medium_rescue VALUES (10, 'Firefighter Entity');
INSERT INTO medium_rescue VALUES (11, 'Firefighter Entity');
INSERT INTO medium_rescue VALUES (12, 'Firefighter Entity');
INSERT INTO medium_rescue VALUES (13, 'Firefighter Entity');
INSERT INTO medium_rescue VALUES (14, 'Firefighter Entity');
INSERT INTO medium_rescue VALUES (15, 'Firefighter Entity');
INSERT INTO medium_rescue VALUES (16, 'Firefighter Entity');
INSERT INTO medium_rescue VALUES (17, 'Firefighter Entity');
INSERT INTO medium_rescue VALUES (18, 'Firefighter Entity');
INSERT INTO medium_rescue VALUES (19, 'Firefighter Entity');
INSERT INTO medium_rescue VALUES (20, 'Firefighter Entity');
INSERT INTO medium_rescue VALUES (21, 'Firefighter Entity');
INSERT INTO medium_rescue VALUES (22, 'Firefighter Entity');
INSERT INTO medium_rescue VALUES (1, 'Ambulance Entity');
INSERT INTO medium_rescue VALUES (2, 'Ambulance Entity');
INSERT INTO medium_rescue VALUES (3, 'Ambulance Entity');
INSERT INTO medium_rescue VALUES (4, 'Ambulance Entity');
INSERT INTO medium_rescue VALUES (5, 'Ambulance Entity');
INSERT INTO medium_rescue VALUES (6, 'Ambulance Entity');
INSERT INTO medium_rescue VALUES (7, 'Ambulance Entity');
INSERT INTO medium_rescue VALUES (8, 'Ambulance Entity');
INSERT INTO medium_rescue VALUES (9, 'Ambulance Entity');
INSERT INTO medium_rescue VALUES (10, 'Ambulance Entity');
INSERT INTO medium_rescue VALUES (11, 'Ambulance Entity');
INSERT INTO medium_rescue VALUES (12, 'Ambulance Entity');
INSERT INTO medium_rescue VALUES (13, 'Ambulance Entity');
INSERT INTO medium_rescue VALUES (14, 'Ambulance Entity');
INSERT INTO medium_rescue VALUES (15, 'Ambulance Entity');
INSERT INTO medium_rescue VALUES (16, 'Ambulance Entity');
INSERT INTO medium_rescue VALUES (17, 'Ambulance Entity');
INSERT INTO medium_rescue VALUES (18, 'Ambulance Entity');
INSERT INTO medium_rescue VALUES (19, 'Ambulance Entity');
INSERT INTO medium_rescue VALUES (20, 'Ambulance Entity');
INSERT INTO medium_rescue VALUES (21, 'Ambulance Entity');
INSERT INTO medium_rescue VALUES (22, 'Ambulance Entity');
INSERT INTO medium_rescue VALUES (23, 'Ambulance Entity');
INSERT INTO medium_rescue VALUES (24, 'Ambulance Entity');
INSERT INTO medium_rescue VALUES (25, 'Ambulance Entity');
INSERT INTO medium_rescue VALUES (26, 'Ambulance Entity');
INSERT INTO medium_rescue VALUES (27, 'Ambulance Entity');

INSERT INTO transports VALUES (1, 'Police Entity', 6, 32);
INSERT INTO transports VALUES (2, 'Police Entity', 6, 40);
INSERT INTO transports VALUES (3, 'Police Entity', 4, 47);
INSERT INTO transports VALUES (4, 'Police Entity', 6, 63);
INSERT INTO transports VALUES (5, 'Police Entity', 6, 64);
INSERT INTO transports VALUES (6, 'Police Entity', 10, 39);
INSERT INTO transports VALUES (7, 'Police Entity', 9, 35);
INSERT INTO transports VALUES (8, 'Police Entity', 3, 9);
INSERT INTO transports VALUES (9, 'Police Entity', 8, 76);
INSERT INTO transports VALUES (10, 'Police Entity', 9, 92);
INSERT INTO transports VALUES (11, 'Police Entity', 4, 100);
INSERT INTO transports VALUES (12, 'Police Entity', 6, 16);
INSERT INTO transports VALUES (13, 'Police Entity', 8, 96);
INSERT INTO transports VALUES (14, 'Police Entity', 10, 96);
INSERT INTO transports VALUES (15, 'Police Entity', 10, 27);
INSERT INTO transports VALUES (16, 'Police Entity', 6, 24);
INSERT INTO transports VALUES (17, 'Police Entity', 1, 50);
INSERT INTO transports VALUES (18, 'Police Entity', 4, 82);
INSERT INTO transports VALUES (19, 'Police Entity', 4, 12);
INSERT INTO transports VALUES (20, 'Police Entity', 10, 68);
INSERT INTO transports VALUES (21, 'Police Entity', 8, 68);
INSERT INTO transports VALUES (22, 'Police Entity', 7, 89);
INSERT INTO transports VALUES (23, 'Police Entity', 6, 6);
INSERT INTO transports VALUES (24, 'Police Entity', 1, 97);
INSERT INTO transports VALUES (25, 'Police Entity', 1, 48);
INSERT INTO transports VALUES (1, 'Army Entity', 6, 1);
INSERT INTO transports VALUES (2, 'Army Entity', 6, 56);
INSERT INTO transports VALUES (3, 'Army Entity', 5, 50);
INSERT INTO transports VALUES (4, 'Army Entity', 10, 50);
INSERT INTO transports VALUES (5, 'Army Entity', 10, 33);
INSERT INTO transports VALUES (6, 'Army Entity', 2, 93);
INSERT INTO transports VALUES (7, 'Army Entity', 1, 23);
INSERT INTO transports VALUES (8, 'Army Entity', 7, 78);
INSERT INTO transports VALUES (9, 'Army Entity', 4, 39);
INSERT INTO transports VALUES (10, 'Army Entity', 8, 89);
INSERT INTO transports VALUES (11, 'Army Entity', 1, 40);
INSERT INTO transports VALUES (12, 'Army Entity', 5, 96);
INSERT INTO transports VALUES (13, 'Army Entity', 7, 79);
INSERT INTO transports VALUES (14, 'Army Entity', 8, 59);
INSERT INTO transports VALUES (15, 'Army Entity', 7, 41);
INSERT INTO transports VALUES (16, 'Army Entity', 2, 14);
INSERT INTO transports VALUES (17, 'Army Entity', 4, 73);
INSERT INTO transports VALUES (18, 'Army Entity', 9, 98);
INSERT INTO transports VALUES (19, 'Army Entity', 7, 78);
INSERT INTO transports VALUES (20, 'Army Entity', 10, 10);
INSERT INTO transports VALUES (21, 'Army Entity', 1, 20);
INSERT INTO transports VALUES (22, 'Army Entity', 4, 64);
INSERT INTO transports VALUES (23, 'Army Entity', 8, 43);
INSERT INTO transports VALUES (24, 'Army Entity', 1, 20);
INSERT INTO transports VALUES (25, 'Army Entity', 10, 81);
INSERT INTO transports VALUES (26, 'Army Entity', 5, 97);
INSERT INTO transports VALUES (1, 'Firefighter Entity', 7, 90);
INSERT INTO transports VALUES (2, 'Firefighter Entity', 3, 32);
INSERT INTO transports VALUES (3, 'Firefighter Entity', 10, 62);
INSERT INTO transports VALUES (4, 'Firefighter Entity', 6, 41);
INSERT INTO transports VALUES (5, 'Firefighter Entity', 7, 14);
INSERT INTO transports VALUES (6, 'Firefighter Entity', 9, 26);
INSERT INTO transports VALUES (7, 'Firefighter Entity', 4, 91);
INSERT INTO transports VALUES (8, 'Firefighter Entity', 3, 89);
INSERT INTO transports VALUES (9, 'Firefighter Entity', 5, 16);
INSERT INTO transports VALUES (10, 'Firefighter Entity', 10, 32);
INSERT INTO transports VALUES (11, 'Firefighter Entity', 3, 85);
INSERT INTO transports VALUES (12, 'Firefighter Entity', 8, 96);
INSERT INTO transports VALUES (13, 'Firefighter Entity', 3, 93);
INSERT INTO transports VALUES (14, 'Firefighter Entity', 2, 66);
INSERT INTO transports VALUES (15, 'Firefighter Entity', 3, 37);
INSERT INTO transports VALUES (16, 'Firefighter Entity', 1, 67);
INSERT INTO transports VALUES (17, 'Firefighter Entity', 1, 80);
INSERT INTO transports VALUES (18, 'Firefighter Entity', 8, 82);
INSERT INTO transports VALUES (19, 'Firefighter Entity', 4, 34);
INSERT INTO transports VALUES (20, 'Firefighter Entity', 2, 53);
INSERT INTO transports VALUES (21, 'Firefighter Entity', 7, 84);
INSERT INTO transports VALUES (22, 'Firefighter Entity', 8, 86);
INSERT INTO transports VALUES (1, 'Ambulance Entity', 7, 63);
INSERT INTO transports VALUES (2, 'Ambulance Entity', 8, 67);
INSERT INTO transports VALUES (3, 'Ambulance Entity', 6, 25);
INSERT INTO transports VALUES (4, 'Ambulance Entity', 7, 52);
INSERT INTO transports VALUES (5, 'Ambulance Entity', 10, 56);
INSERT INTO transports VALUES (6, 'Ambulance Entity', 1, 57);
INSERT INTO transports VALUES (7, 'Ambulance Entity', 6, 28);
INSERT INTO transports VALUES (8, 'Ambulance Entity', 7, 28);
INSERT INTO transports VALUES (9, 'Ambulance Entity', 1, 54);
INSERT INTO transports VALUES (10, 'Ambulance Entity', 1, 22);
INSERT INTO transports VALUES (11, 'Ambulance Entity', 6, 93);
INSERT INTO transports VALUES (12, 'Ambulance Entity', 4, 98);
INSERT INTO transports VALUES (13, 'Ambulance Entity', 2, 97);
INSERT INTO transports VALUES (14, 'Ambulance Entity', 3, 61);
INSERT INTO transports VALUES (15, 'Ambulance Entity', 8, 77);
INSERT INTO transports VALUES (16, 'Ambulance Entity', 6, 43);
INSERT INTO transports VALUES (17, 'Ambulance Entity', 2, 35);
INSERT INTO transports VALUES (18, 'Ambulance Entity', 7, 99);
INSERT INTO transports VALUES (19, 'Ambulance Entity', 10, 81);
INSERT INTO transports VALUES (20, 'Ambulance Entity', 6, 75);
INSERT INTO transports VALUES (21, 'Ambulance Entity', 10, 78);
INSERT INTO transports VALUES (22, 'Ambulance Entity', 1, 42);
INSERT INTO transports VALUES (23, 'Ambulance Entity', 7, 85);
INSERT INTO transports VALUES (24, 'Ambulance Entity', 1, 89);
INSERT INTO transports VALUES (25, 'Ambulance Entity', 3, 75);
INSERT INTO transports VALUES (26, 'Ambulance Entity', 3, 57);
INSERT INTO transports VALUES (27, 'Ambulance Entity', 2, 86);

INSERT INTO allocated VALUES (1, 'Police Entity', 3, 78);
INSERT INTO allocated VALUES (2, 'Police Entity', 8, 14);
INSERT INTO allocated VALUES (3, 'Police Entity', 2, 54);
INSERT INTO allocated VALUES (4, 'Police Entity', 8, 54);
INSERT INTO allocated VALUES (5, 'Police Entity', 4, 5);
INSERT INTO allocated VALUES (6, 'Police Entity', 1, 85);
INSERT INTO allocated VALUES (7, 'Police Entity', 10, 14);
INSERT INTO allocated VALUES (8, 'Police Entity', 9, 18);
INSERT INTO allocated VALUES (9, 'Police Entity', 1, 39);
INSERT INTO allocated VALUES (10, 'Police Entity', 4, 69);
INSERT INTO allocated VALUES (11, 'Police Entity', 3, 4);
INSERT INTO allocated VALUES (12, 'Police Entity', 10, 42);
INSERT INTO allocated VALUES (13, 'Police Entity', 1, 38);
INSERT INTO allocated VALUES (14, 'Police Entity', 1, 91);
INSERT INTO allocated VALUES (15, 'Police Entity', 2, 84);
INSERT INTO allocated VALUES (16, 'Police Entity', 4, 62);
INSERT INTO allocated VALUES (17, 'Police Entity', 5, 86);
INSERT INTO allocated VALUES (18, 'Police Entity', 6, 82);
INSERT INTO allocated VALUES (19, 'Police Entity', 7, 98);
INSERT INTO allocated VALUES (20, 'Police Entity', 8, 71);
INSERT INTO allocated VALUES (21, 'Police Entity', 2, 48);
INSERT INTO allocated VALUES (22, 'Police Entity', 2, 63);
INSERT INTO allocated VALUES (23, 'Police Entity', 3, 94);
INSERT INTO allocated VALUES (24, 'Police Entity', 1, 13);
INSERT INTO allocated VALUES (25, 'Police Entity', 7, 99);
INSERT INTO allocated VALUES (1, 'Army Entity', 6, 83);
INSERT INTO allocated VALUES (2, 'Army Entity', 8, 88);
INSERT INTO allocated VALUES (3, 'Army Entity', 7, 31);
INSERT INTO allocated VALUES (4, 'Army Entity', 3, 79);
INSERT INTO allocated VALUES (5, 'Army Entity', 6, 18);
INSERT INTO allocated VALUES (6, 'Army Entity', 10, 39);
INSERT INTO allocated VALUES (7, 'Army Entity', 2, 1);
INSERT INTO allocated VALUES (8, 'Army Entity', 1, 63);
INSERT INTO allocated VALUES (9, 'Army Entity', 9, 7);
INSERT INTO allocated VALUES (10, 'Army Entity', 4, 51);
INSERT INTO allocated VALUES (11, 'Army Entity', 4, 90);
INSERT INTO allocated VALUES (12, 'Army Entity', 9, 18);
INSERT INTO allocated VALUES (13, 'Army Entity', 5, 59);
INSERT INTO allocated VALUES (14, 'Army Entity', 3, 2);
INSERT INTO allocated VALUES (15, 'Army Entity', 4, 39);
INSERT INTO allocated VALUES (16, 'Army Entity', 5, 18);
INSERT INTO allocated VALUES (17, 'Army Entity', 9, 83);
INSERT INTO allocated VALUES (18, 'Army Entity', 7, 88);
INSERT INTO allocated VALUES (19, 'Army Entity', 3, 36);
INSERT INTO allocated VALUES (20, 'Army Entity', 10, 9);
INSERT INTO allocated VALUES (21, 'Army Entity', 7, 22);
INSERT INTO allocated VALUES (22, 'Army Entity', 8, 40);
INSERT INTO allocated VALUES (23, 'Army Entity', 2, 79);
INSERT INTO allocated VALUES (24, 'Army Entity', 4, 43);
INSERT INTO allocated VALUES (25, 'Army Entity', 5, 43);
INSERT INTO allocated VALUES (26, 'Army Entity', 2, 60);
INSERT INTO allocated VALUES (1, 'Firefighter Entity', 4, 40);
INSERT INTO allocated VALUES (2, 'Firefighter Entity', 6, 49);
INSERT INTO allocated VALUES (3, 'Firefighter Entity', 2, 32);
INSERT INTO allocated VALUES (4, 'Firefighter Entity', 10, 81);
INSERT INTO allocated VALUES (5, 'Firefighter Entity', 7, 77);
INSERT INTO allocated VALUES (6, 'Firefighter Entity', 6, 82);
INSERT INTO allocated VALUES (7, 'Firefighter Entity', 1, 87);
INSERT INTO allocated VALUES (8, 'Firefighter Entity', 10, 2);
INSERT INTO allocated VALUES (9, 'Firefighter Entity', 9, 87);
INSERT INTO allocated VALUES (10, 'Firefighter Entity', 3, 49);
INSERT INTO allocated VALUES (11, 'Firefighter Entity', 5, 2);
INSERT INTO allocated VALUES (12, 'Firefighter Entity', 3, 77);
INSERT INTO allocated VALUES (13, 'Firefighter Entity', 1, 91);
INSERT INTO allocated VALUES (14, 'Firefighter Entity', 4, 46);
INSERT INTO allocated VALUES (15, 'Firefighter Entity', 9, 34);
INSERT INTO allocated VALUES (16, 'Firefighter Entity', 1, 5);
INSERT INTO allocated VALUES (17, 'Firefighter Entity', 8, 46);
INSERT INTO allocated VALUES (18, 'Firefighter Entity', 2, 74);
INSERT INTO allocated VALUES (19, 'Firefighter Entity', 5, 42);
INSERT INTO allocated VALUES (20, 'Firefighter Entity', 10, 79);
INSERT INTO allocated VALUES (21, 'Firefighter Entity', 2, 86);
INSERT INTO allocated VALUES (22, 'Firefighter Entity', 9, 84);
INSERT INTO allocated VALUES (1, 'Ambulance Entity', 4, 20);
INSERT INTO allocated VALUES (2, 'Ambulance Entity', 3, 35);
INSERT INTO allocated VALUES (3, 'Ambulance Entity', 6, 55);
INSERT INTO allocated VALUES (4, 'Ambulance Entity', 7, 22);
INSERT INTO allocated VALUES (5, 'Ambulance Entity', 2, 82);
INSERT INTO allocated VALUES (6, 'Ambulance Entity', 10, 30);
INSERT INTO allocated VALUES (7, 'Ambulance Entity', 7, 32);
INSERT INTO allocated VALUES (8, 'Ambulance Entity', 9, 71);
INSERT INTO allocated VALUES (9, 'Ambulance Entity', 1, 65);
INSERT INTO allocated VALUES (10, 'Ambulance Entity', 9, 85);
INSERT INTO allocated VALUES (11, 'Ambulance Entity', 8, 60);
INSERT INTO allocated VALUES (12, 'Ambulance Entity', 5, 40);
INSERT INTO allocated VALUES (13, 'Ambulance Entity', 4, 88);
INSERT INTO allocated VALUES (14, 'Ambulance Entity', 10, 73);
INSERT INTO allocated VALUES (15, 'Ambulance Entity', 10, 56);
INSERT INTO allocated VALUES (16, 'Ambulance Entity', 1, 91);
INSERT INTO allocated VALUES (17, 'Ambulance Entity', 9, 65);
INSERT INTO allocated VALUES (18, 'Ambulance Entity', 2, 66);
INSERT INTO allocated VALUES (19, 'Ambulance Entity', 8, 51);
INSERT INTO allocated VALUES (20, 'Ambulance Entity', 2, 34);
INSERT INTO allocated VALUES (21, 'Ambulance Entity', 2, 58);
INSERT INTO allocated VALUES (22, 'Ambulance Entity', 4, 6);
INSERT INTO allocated VALUES (23, 'Ambulance Entity', 1, 25);
INSERT INTO allocated VALUES (24, 'Ambulance Entity', 5, 16);
INSERT INTO allocated VALUES (25, 'Ambulance Entity', 2, 80);
INSERT INTO allocated VALUES (26, 'Ambulance Entity', 1, 91);
INSERT INTO allocated VALUES (27, 'Ambulance Entity', 3, 24);

INSERT INTO triggers VALUES (14, 'Police Entity', 1);
INSERT INTO triggers VALUES (26, 'Ambulance Entity', 1);
INSERT INTO triggers VALUES (23, 'Army Entity', 1);
INSERT INTO triggers VALUES (11, 'Police Entity', 3);
INSERT INTO triggers VALUES (11, 'Firefighter Entity', 3);
INSERT INTO triggers VALUES (17, 'Ambulance Entity', 3);
INSERT INTO triggers VALUES (13, 'Police Entity', 5);
INSERT INTO triggers VALUES (11, 'Ambulance Entity', 5);
INSERT INTO triggers VALUES (16, 'Ambulance Entity', 5);
INSERT INTO triggers VALUES (16, 'Police Entity', 7);
INSERT INTO triggers VALUES (24, 'Ambulance Entity', 7);
INSERT INTO triggers VALUES (1, 'Army Entity', 7);
INSERT INTO triggers VALUES (23, 'Police Entity', 9);
INSERT INTO triggers VALUES (2, 'Army Entity', 9);
INSERT INTO triggers VALUES (1, 'Firefighter Entity', 9);
INSERT INTO triggers VALUES (6, 'Police Entity', 11);
INSERT INTO triggers VALUES (1, 'Firefighter Entity', 11);
INSERT INTO triggers VALUES (14, 'Ambulance Entity', 11);
INSERT INTO triggers VALUES (9, 'Police Entity', 13);
INSERT INTO triggers VALUES (15, 'Firefighter Entity', 13);
INSERT INTO triggers VALUES (14, 'Firefighter Entity', 13);
INSERT INTO triggers VALUES (13, 'Police Entity', 15);
INSERT INTO triggers VALUES (19, 'Army Entity', 15);
INSERT INTO triggers VALUES (6, 'Army Entity', 15);
INSERT INTO triggers VALUES (23, 'Police Entity', 17);
INSERT INTO triggers VALUES (13, 'Firefighter Entity', 17);
INSERT INTO triggers VALUES (1, 'Firefighter Entity', 17);
INSERT INTO triggers VALUES (21, 'Police Entity', 19);
INSERT INTO triggers VALUES (19, 'Army Entity', 19);
INSERT INTO triggers VALUES (24, 'Army Entity', 19);
INSERT INTO triggers VALUES (25, 'Police Entity', 21);
INSERT INTO triggers VALUES (11, 'Ambulance Entity', 21);
INSERT INTO triggers VALUES (11, 'Police Entity', 23);
INSERT INTO triggers VALUES (8, 'Firefighter Entity', 23);
INSERT INTO triggers VALUES (14, 'Firefighter Entity', 23);
INSERT INTO triggers VALUES (22, 'Police Entity', 25);
INSERT INTO triggers VALUES (16, 'Firefighter Entity', 25);
INSERT INTO triggers VALUES (15, 'Firefighter Entity', 25);
INSERT INTO triggers VALUES (1, 'Police Entity', 27);
INSERT INTO triggers VALUES (22, 'Ambulance Entity', 27);
INSERT INTO triggers VALUES (15, 'Ambulance Entity', 27);
INSERT INTO triggers VALUES (3, 'Police Entity', 29);
INSERT INTO triggers VALUES (25, 'Army Entity', 29);
INSERT INTO triggers VALUES (13, 'Ambulance Entity', 29);
INSERT INTO triggers VALUES (17, 'Police Entity', 31);
INSERT INTO triggers VALUES (20, 'Army Entity', 31);
INSERT INTO triggers VALUES (6, 'Firefighter Entity', 31);
INSERT INTO triggers VALUES (9, 'Police Entity', 33);
INSERT INTO triggers VALUES (10, 'Ambulance Entity', 33);
INSERT INTO triggers VALUES (10, 'Army Entity', 33);
INSERT INTO triggers VALUES (1, 'Police Entity', 35);
INSERT INTO triggers VALUES (19, 'Firefighter Entity', 35);
INSERT INTO triggers VALUES (8, 'Firefighter Entity', 35);
INSERT INTO triggers VALUES (9, 'Firefighter Entity', 35);
INSERT INTO triggers VALUES (13, 'Police Entity', 37);
INSERT INTO triggers VALUES (15, 'Ambulance Entity', 37);
INSERT INTO triggers VALUES (14, 'Army Entity', 37);
INSERT INTO triggers VALUES (14, 'Police Entity', 39);
INSERT INTO triggers VALUES (20, 'Army Entity', 39);
INSERT INTO triggers VALUES (17, 'Firefighter Entity', 39);
INSERT INTO triggers VALUES (11, 'Police Entity', 41);
INSERT INTO triggers VALUES (18, 'Ambulance Entity', 41);
INSERT INTO triggers VALUES (15, 'Army Entity', 41);
INSERT INTO triggers VALUES (16, 'Police Entity', 43);
INSERT INTO triggers VALUES (1, 'Army Entity', 43);
INSERT INTO triggers VALUES (13, 'Ambulance Entity', 43);
INSERT INTO triggers VALUES (9, 'Police Entity', 45);
INSERT INTO triggers VALUES (5, 'Army Entity', 45);
INSERT INTO triggers VALUES (22, 'Ambulance Entity', 45);
INSERT INTO triggers VALUES (18, 'Police Entity', 47);
INSERT INTO triggers VALUES (15, 'Firefighter Entity', 47);
INSERT INTO triggers VALUES (20, 'Army Entity', 47);
INSERT INTO triggers VALUES (22, 'Police Entity', 49);
INSERT INTO triggers VALUES (2, 'Army Entity', 49);
INSERT INTO triggers VALUES (13, 'Firefighter Entity', 49);
INSERT INTO triggers VALUES (11, 'Police Entity', 51);
INSERT INTO triggers VALUES (25, 'Ambulance Entity', 51);
INSERT INTO triggers VALUES (8, 'Police Entity', 53);
INSERT INTO triggers VALUES (21, 'Ambulance Entity', 53);
INSERT INTO triggers VALUES (5, 'Army Entity', 53);
INSERT INTO triggers VALUES (4, 'Police Entity', 55);
INSERT INTO triggers VALUES (5, 'Firefighter Entity', 55);
INSERT INTO triggers VALUES (5, 'Ambulance Entity', 55);
INSERT INTO triggers VALUES (20, 'Police Entity', 57);
INSERT INTO triggers VALUES (22, 'Firefighter Entity', 57);
INSERT INTO triggers VALUES (10, 'Ambulance Entity', 57);
INSERT INTO triggers VALUES (11, 'Police Entity', 59);
INSERT INTO triggers VALUES (14, 'Army Entity', 59);
INSERT INTO triggers VALUES (20, 'Army Entity', 59);
INSERT INTO triggers VALUES (16, 'Police Entity', 61);
INSERT INTO triggers VALUES (20, 'Ambulance Entity', 61);
INSERT INTO triggers VALUES (4, 'Firefighter Entity', 61);
INSERT INTO triggers VALUES (4, 'Police Entity', 63);
INSERT INTO triggers VALUES (10, 'Firefighter Entity', 63);
INSERT INTO triggers VALUES (26, 'Army Entity', 63);
INSERT INTO triggers VALUES (18, 'Police Entity', 65);
INSERT INTO triggers VALUES (21, 'Ambulance Entity', 65);
INSERT INTO triggers VALUES (16, 'Police Entity', 67);
INSERT INTO triggers VALUES (19, 'Firefighter Entity', 67);
INSERT INTO triggers VALUES (21, 'Police Entity', 69);
INSERT INTO triggers VALUES (19, 'Ambulance Entity', 69);
INSERT INTO triggers VALUES (9, 'Police Entity', 71);
INSERT INTO triggers VALUES (1, 'Ambulance Entity', 71);
INSERT INTO triggers VALUES (25, 'Army Entity', 71);
INSERT INTO triggers VALUES (4, 'Police Entity', 73);
INSERT INTO triggers VALUES (20, 'Army Entity', 73);
INSERT INTO triggers VALUES (4, 'Army Entity', 73);
INSERT INTO triggers VALUES (25, 'Police Entity', 75);
INSERT INTO triggers VALUES (5, 'Ambulance Entity', 75);
INSERT INTO triggers VALUES (1, 'Firefighter Entity', 75);
INSERT INTO triggers VALUES (10, 'Police Entity', 77);
INSERT INTO triggers VALUES (9, 'Ambulance Entity', 77);
INSERT INTO triggers VALUES (6, 'Ambulance Entity', 77);
INSERT INTO triggers VALUES (4, 'Police Entity', 79);
INSERT INTO triggers VALUES (6, 'Firefighter Entity', 79);
INSERT INTO triggers VALUES (17, 'Firefighter Entity', 79);
INSERT INTO triggers VALUES (24, 'Police Entity', 81);
INSERT INTO triggers VALUES (23, 'Army Entity', 81);
INSERT INTO triggers VALUES (9, 'Firefighter Entity', 81);
INSERT INTO triggers VALUES (14, 'Police Entity', 83);
INSERT INTO triggers VALUES (13, 'Ambulance Entity', 83);
INSERT INTO triggers VALUES (6, 'Army Entity', 83);
INSERT INTO triggers VALUES (12, 'Police Entity', 85);
INSERT INTO triggers VALUES (18, 'Firefighter Entity', 85);
INSERT INTO triggers VALUES (12, 'Army Entity', 85);
INSERT INTO triggers VALUES (6, 'Police Entity', 87);
INSERT INTO triggers VALUES (26, 'Army Entity', 87);
INSERT INTO triggers VALUES (14, 'Army Entity', 87);
INSERT INTO triggers VALUES (18, 'Police Entity', 89);
INSERT INTO triggers VALUES (16, 'Army Entity', 89);
INSERT INTO triggers VALUES (11, 'Army Entity', 89);
INSERT INTO triggers VALUES (23, 'Police Entity', 91);
INSERT INTO triggers VALUES (21, 'Firefighter Entity', 91);
INSERT INTO triggers VALUES (21, 'Army Entity', 91);
INSERT INTO triggers VALUES (20, 'Police Entity', 93);
INSERT INTO triggers VALUES (11, 'Firefighter Entity', 93);
INSERT INTO triggers VALUES (20, 'Ambulance Entity', 93);
INSERT INTO triggers VALUES (9, 'Police Entity', 95);
INSERT INTO triggers VALUES (15, 'Ambulance Entity', 95);
INSERT INTO triggers VALUES (7, 'Army Entity', 95);
INSERT INTO triggers VALUES (1, 'Police Entity', 97);
INSERT INTO triggers VALUES (27, 'Ambulance Entity', 97);
INSERT INTO triggers VALUES (11, 'Firefighter Entity', 97);
INSERT INTO triggers VALUES (4, 'Police Entity', 99);
INSERT INTO triggers VALUES (11, 'Ambulance Entity', 99);
INSERT INTO triggers VALUES (5, 'Army Entity', 99);
INSERT INTO triggers VALUES (19, 'Police Entity', 101);
INSERT INTO triggers VALUES (13, 'Ambulance Entity', 101);
INSERT INTO triggers VALUES (19, 'Army Entity', 101);
INSERT INTO triggers VALUES (3, 'Police Entity', 103);
INSERT INTO triggers VALUES (26, 'Army Entity', 103);
INSERT INTO triggers VALUES (15, 'Firefighter Entity', 103);
INSERT INTO triggers VALUES (15, 'Police Entity', 105);
INSERT INTO triggers VALUES (23, 'Ambulance Entity', 105);
INSERT INTO triggers VALUES (14, 'Firefighter Entity', 105);
INSERT INTO triggers VALUES (2, 'Police Entity', 107);
INSERT INTO triggers VALUES (21, 'Army Entity', 107);
INSERT INTO triggers VALUES (14, 'Ambulance Entity', 107);
INSERT INTO triggers VALUES (18, 'Police Entity', 109);
INSERT INTO triggers VALUES (25, 'Army Entity', 109);
INSERT INTO triggers VALUES (8, 'Ambulance Entity', 109);
INSERT INTO triggers VALUES (1, 'Police Entity', 111);
INSERT INTO triggers VALUES (16, 'Firefighter Entity', 111);
INSERT INTO triggers VALUES (9, 'Army Entity', 111);
INSERT INTO triggers VALUES (6, 'Police Entity', 113);
INSERT INTO triggers VALUES (15, 'Army Entity', 113);
INSERT INTO triggers VALUES (18, 'Firefighter Entity', 113);
INSERT INTO triggers VALUES (24, 'Police Entity', 115);
INSERT INTO triggers VALUES (9, 'Ambulance Entity', 115);
INSERT INTO triggers VALUES (17, 'Firefighter Entity', 115);
INSERT INTO triggers VALUES (10, 'Police Entity', 117);
INSERT INTO triggers VALUES (16, 'Firefighter Entity', 117);
INSERT INTO triggers VALUES (23, 'Ambulance Entity', 117);
INSERT INTO triggers VALUES (6, 'Police Entity', 119);
INSERT INTO triggers VALUES (8, 'Firefighter Entity', 119);
INSERT INTO triggers VALUES (3, 'Ambulance Entity', 119);

INSERT INTO coordinator VALUES (DEFAULT);
INSERT INTO coordinator VALUES (DEFAULT);
INSERT INTO coordinator VALUES (DEFAULT);
INSERT INTO coordinator VALUES (DEFAULT);
INSERT INTO coordinator VALUES (DEFAULT);
INSERT INTO coordinator VALUES (DEFAULT);
INSERT INTO coordinator VALUES (DEFAULT);
INSERT INTO coordinator VALUES (DEFAULT);
INSERT INTO coordinator VALUES (DEFAULT);
INSERT INTO coordinator VALUES (DEFAULT);
INSERT INTO coordinator VALUES (DEFAULT);
INSERT INTO coordinator VALUES (DEFAULT);
INSERT INTO coordinator VALUES (DEFAULT);
INSERT INTO coordinator VALUES (DEFAULT);
INSERT INTO coordinator VALUES (DEFAULT);
INSERT INTO coordinator VALUES (DEFAULT);
INSERT INTO coordinator VALUES (DEFAULT);
INSERT INTO coordinator VALUES (DEFAULT);
INSERT INTO coordinator VALUES (DEFAULT);
INSERT INTO coordinator VALUES (DEFAULT);
INSERT INTO coordinator VALUES (DEFAULT);
INSERT INTO coordinator VALUES (DEFAULT);
INSERT INTO coordinator VALUES (DEFAULT);
INSERT INTO coordinator VALUES (DEFAULT);
INSERT INTO coordinator VALUES (DEFAULT);
INSERT INTO coordinator VALUES (DEFAULT);
INSERT INTO coordinator VALUES (DEFAULT);
INSERT INTO coordinator VALUES (DEFAULT);
INSERT INTO coordinator VALUES (DEFAULT);
INSERT INTO coordinator VALUES (DEFAULT);
INSERT INTO coordinator VALUES (DEFAULT);
INSERT INTO coordinator VALUES (DEFAULT);
INSERT INTO coordinator VALUES (DEFAULT);
INSERT INTO coordinator VALUES (DEFAULT);
INSERT INTO coordinator VALUES (DEFAULT);
INSERT INTO coordinator VALUES (DEFAULT);
INSERT INTO coordinator VALUES (DEFAULT);
INSERT INTO coordinator VALUES (DEFAULT);
INSERT INTO coordinator VALUES (DEFAULT);
INSERT INTO coordinator VALUES (DEFAULT);
INSERT INTO coordinator VALUES (DEFAULT);
INSERT INTO coordinator VALUES (DEFAULT);
INSERT INTO coordinator VALUES (DEFAULT);
INSERT INTO coordinator VALUES (DEFAULT);
INSERT INTO coordinator VALUES (DEFAULT);
INSERT INTO coordinator VALUES (DEFAULT);
INSERT INTO coordinator VALUES (DEFAULT);
INSERT INTO coordinator VALUES (DEFAULT);
INSERT INTO coordinator VALUES (DEFAULT);
INSERT INTO coordinator VALUES (DEFAULT);
INSERT INTO coordinator VALUES (DEFAULT);
INSERT INTO coordinator VALUES (DEFAULT);
INSERT INTO coordinator VALUES (DEFAULT);
INSERT INTO coordinator VALUES (DEFAULT);
INSERT INTO coordinator VALUES (DEFAULT);
INSERT INTO coordinator VALUES (DEFAULT);
INSERT INTO coordinator VALUES (DEFAULT);
INSERT INTO coordinator VALUES (DEFAULT);
INSERT INTO coordinator VALUES (DEFAULT);
INSERT INTO coordinator VALUES (DEFAULT);
INSERT INTO coordinator VALUES (DEFAULT);
INSERT INTO coordinator VALUES (DEFAULT);
INSERT INTO coordinator VALUES (DEFAULT);
INSERT INTO coordinator VALUES (DEFAULT);
INSERT INTO coordinator VALUES (DEFAULT);
INSERT INTO coordinator VALUES (DEFAULT);
INSERT INTO coordinator VALUES (DEFAULT);
INSERT INTO coordinator VALUES (DEFAULT);
INSERT INTO coordinator VALUES (DEFAULT);
INSERT INTO coordinator VALUES (DEFAULT);
INSERT INTO coordinator VALUES (DEFAULT);
INSERT INTO coordinator VALUES (DEFAULT);
INSERT INTO coordinator VALUES (DEFAULT);
INSERT INTO coordinator VALUES (DEFAULT);
INSERT INTO coordinator VALUES (DEFAULT);
INSERT INTO coordinator VALUES (DEFAULT);
INSERT INTO coordinator VALUES (DEFAULT);
INSERT INTO coordinator VALUES (DEFAULT);
INSERT INTO coordinator VALUES (DEFAULT);
INSERT INTO coordinator VALUES (DEFAULT);
INSERT INTO coordinator VALUES (DEFAULT);
INSERT INTO coordinator VALUES (DEFAULT);
INSERT INTO coordinator VALUES (DEFAULT);
INSERT INTO coordinator VALUES (DEFAULT);
INSERT INTO coordinator VALUES (DEFAULT);
INSERT INTO coordinator VALUES (DEFAULT);
INSERT INTO coordinator VALUES (DEFAULT);
INSERT INTO coordinator VALUES (DEFAULT);
INSERT INTO coordinator VALUES (DEFAULT);
INSERT INTO coordinator VALUES (DEFAULT);
INSERT INTO coordinator VALUES (DEFAULT);
INSERT INTO coordinator VALUES (DEFAULT);
INSERT INTO coordinator VALUES (DEFAULT);
INSERT INTO coordinator VALUES (DEFAULT);
INSERT INTO coordinator VALUES (DEFAULT);
INSERT INTO coordinator VALUES (DEFAULT);
INSERT INTO coordinator VALUES (DEFAULT);
INSERT INTO coordinator VALUES (DEFAULT);
INSERT INTO coordinator VALUES (DEFAULT);
INSERT INTO coordinator VALUES (DEFAULT);

INSERT INTO audits VALUES (2, 14, 'Police Entity', 1, '2018-07-20 10:24:16', '2018-07-20 10:29:16', '2018-09-07', 'audition_txt1');
INSERT INTO audits VALUES (2, 26, 'Ambulance Entity', 1, '2018-07-20 10:24:16', '2018-07-20 10:29:16', '2018-09-07', 'audition_txt1');
INSERT INTO audits VALUES (2, 23, 'Army Entity', 1, '2018-07-20 10:24:16', '2018-07-20 10:29:16', '2018-09-07', 'audition_txt1');
INSERT INTO audits VALUES (4, 11, 'Police Entity', 3, '2018-06-08 00:11:06', '2018-06-08 00:16:06', '2018-09-01', 'audition_txt3');
INSERT INTO audits VALUES (4, 17, 'Ambulance Entity', 3, '2018-06-08 00:11:06', '2018-06-08 00:16:06', '2018-09-01', 'audition_txt3');
INSERT INTO audits VALUES (4, 11, 'Firefighter Entity', 3, '2018-06-08 00:11:06', '2018-06-08 00:16:06', '2018-09-01', 'audition_txt3');
INSERT INTO audits VALUES (6, 13, 'Police Entity', 5, '2018-06-05 07:47:03', '2018-06-05 07:52:03', '2018-09-01', 'audition_txt5');
INSERT INTO audits VALUES (6, 11, 'Ambulance Entity', 5, '2018-06-05 07:47:03', '2018-06-05 07:52:03', '2018-09-01', 'audition_txt5');
INSERT INTO audits VALUES (8, 16, 'Police Entity', 7, '2018-06-14 16:46:09', '2018-06-14 16:51:09', '2018-09-25', 'audition_txt7');
INSERT INTO audits VALUES (8, 24, 'Ambulance Entity', 7, '2018-06-14 16:46:09', '2018-06-14 16:51:09', '2018-09-25', 'audition_txt7');
INSERT INTO audits VALUES (8, 1, 'Army Entity', 7, '2018-06-14 16:46:09', '2018-06-14 16:51:09', '2018-09-25', 'audition_txt7');
INSERT INTO audits VALUES (10, 23, 'Police Entity', 9, '2018-09-18 05:52:28', '2018-09-18 05:57:28', '2018-09-29', 'audition_txt9');
INSERT INTO audits VALUES (10, 2, 'Army Entity', 9, '2018-09-18 05:52:28', '2018-09-18 05:57:28', '2018-09-29', 'audition_txt9');
INSERT INTO audits VALUES (10, 1, 'Firefighter Entity', 9, '2018-09-18 05:52:28', '2018-09-18 05:57:28', '2018-09-29', 'audition_txt9');
INSERT INTO audits VALUES (12, 6, 'Police Entity', 11, '2018-06-11 08:16:57', '2018-06-11 08:21:57', '2018-09-08', 'audition_txt11');
INSERT INTO audits VALUES (12, 14, 'Ambulance Entity', 11, '2018-06-11 08:16:57', '2018-06-11 08:21:57', '2018-09-08', 'audition_txt11');
INSERT INTO audits VALUES (12, 1, 'Firefighter Entity', 11, '2018-06-11 08:16:57', '2018-06-11 08:21:57', '2018-09-08', 'audition_txt11');
INSERT INTO audits VALUES (14, 9, 'Police Entity', 13, '2018-08-23 03:30:57', '2018-08-23 03:35:57', '2018-09-10', 'audition_txt13');
INSERT INTO audits VALUES (14, 15, 'Firefighter Entity', 13, '2018-08-23 03:30:57', '2018-08-23 03:35:57', '2018-09-10', 'audition_txt13');
INSERT INTO audits VALUES (16, 13, 'Police Entity', 15, '2018-08-29 22:22:29', '2018-08-29 22:27:29', '2018-09-03', 'audition_txt15');
INSERT INTO audits VALUES (16, 19, 'Army Entity', 15, '2018-08-29 22:22:29', '2018-08-29 22:27:29', '2018-09-03', 'audition_txt15');
INSERT INTO audits VALUES (18, 23, 'Police Entity', 17, '2018-08-05 07:25:15', '2018-08-05 07:30:15', '2018-09-09', 'audition_txt17');
INSERT INTO audits VALUES (18, 13, 'Firefighter Entity', 17, '2018-08-05 07:25:15', '2018-08-05 07:30:15', '2018-09-09', 'audition_txt17');
INSERT INTO audits VALUES (20, 21, 'Police Entity', 19, '2018-08-07 02:54:30', '2018-08-07 02:59:30', '2018-09-29', 'audition_txt19');
INSERT INTO audits VALUES (20, 19, 'Army Entity', 19, '2018-08-07 02:54:30', '2018-08-07 02:59:30', '2018-09-29', 'audition_txt19');
INSERT INTO audits VALUES (22, 25, 'Police Entity', 21, '2018-07-24 00:31:49', '2018-07-24 00:36:49', '2018-09-06', 'audition_txt21');
INSERT INTO audits VALUES (22, 11, 'Ambulance Entity', 21, '2018-07-24 00:31:49', '2018-07-24 00:36:49', '2018-09-06', 'audition_txt21');
INSERT INTO audits VALUES (24, 11, 'Police Entity', 23, '2018-07-15 22:11:58', '2018-07-15 22:16:58', '2018-09-11', 'audition_txt23');
INSERT INTO audits VALUES (24, 8, 'Firefighter Entity', 23, '2018-07-15 22:11:58', '2018-07-15 22:16:58', '2018-09-11', 'audition_txt23');
INSERT INTO audits VALUES (26, 22, 'Police Entity', 25, '2018-06-06 04:50:50', '2018-06-06 04:55:50', '2018-09-18', 'audition_txt25');
INSERT INTO audits VALUES (26, 16, 'Firefighter Entity', 25, '2018-06-06 04:50:50', '2018-06-06 04:55:50', '2018-09-18', 'audition_txt25');
INSERT INTO audits VALUES (28, 1, 'Police Entity', 27, '2018-09-23 15:18:42', '2018-09-23 15:23:42', '2018-09-15', 'audition_txt27');
INSERT INTO audits VALUES (28, 22, 'Ambulance Entity', 27, '2018-09-23 15:18:42', '2018-09-23 15:23:42', '2018-09-15', 'audition_txt27');
INSERT INTO audits VALUES (30, 3, 'Police Entity', 29, '2018-06-12 07:23:29', '2018-06-12 07:28:29', '2018-09-30', 'audition_txt29');
INSERT INTO audits VALUES (30, 13, 'Ambulance Entity', 29, '2018-06-12 07:23:29', '2018-06-12 07:28:29', '2018-09-30', 'audition_txt29');
INSERT INTO audits VALUES (30, 25, 'Army Entity', 29, '2018-06-12 07:23:29', '2018-06-12 07:28:29', '2018-09-30', 'audition_txt29');
INSERT INTO audits VALUES (32, 17, 'Police Entity', 31, '2018-09-24 02:25:08', '2018-09-24 02:30:08', '2018-09-22', 'audition_txt31');
INSERT INTO audits VALUES (32, 20, 'Army Entity', 31, '2018-09-24 02:25:08', '2018-09-24 02:30:08', '2018-09-22', 'audition_txt31');
INSERT INTO audits VALUES (32, 6, 'Firefighter Entity', 31, '2018-09-24 02:25:08', '2018-09-24 02:30:08', '2018-09-22', 'audition_txt31');
INSERT INTO audits VALUES (34, 9, 'Police Entity', 33, '2018-07-12 13:16:36', '2018-07-12 13:21:36', '2018-09-14', 'audition_txt33');
INSERT INTO audits VALUES (34, 10, 'Ambulance Entity', 33, '2018-07-12 13:16:36', '2018-07-12 13:21:36', '2018-09-14', 'audition_txt33');
INSERT INTO audits VALUES (34, 10, 'Army Entity', 33, '2018-07-12 13:16:36', '2018-07-12 13:21:36', '2018-09-14', 'audition_txt33');
INSERT INTO audits VALUES (36, 1, 'Police Entity', 35, '2018-08-18 15:23:24', '2018-08-18 15:28:24', '2018-09-30', 'audition_txt35');
INSERT INTO audits VALUES (36, 19, 'Firefighter Entity', 35, '2018-08-18 15:23:24', '2018-08-18 15:28:24', '2018-09-30', 'audition_txt35');
INSERT INTO audits VALUES (38, 13, 'Police Entity', 37, '2018-09-28 14:45:37', '2018-09-28 14:50:37', '2018-09-07', 'audition_txt37');
INSERT INTO audits VALUES (38, 15, 'Ambulance Entity', 37, '2018-09-28 14:45:37', '2018-09-28 14:50:37', '2018-09-07', 'audition_txt37');
INSERT INTO audits VALUES (38, 14, 'Army Entity', 37, '2018-09-28 14:45:37', '2018-09-28 14:50:37', '2018-09-07', 'audition_txt37');
INSERT INTO audits VALUES (40, 14, 'Police Entity', 39, '2018-07-26 23:11:06', '2018-07-26 23:16:06', '2018-09-28', 'audition_txt39');
INSERT INTO audits VALUES (40, 20, 'Army Entity', 39, '2018-07-26 23:11:06', '2018-07-26 23:16:06', '2018-09-28', 'audition_txt39');
INSERT INTO audits VALUES (40, 17, 'Firefighter Entity', 39, '2018-07-26 23:11:06', '2018-07-26 23:16:06', '2018-09-28', 'audition_txt39');
INSERT INTO audits VALUES (42, 11, 'Police Entity', 41, '2018-09-11 18:47:02', '2018-09-11 18:52:02', '2018-09-29', 'audition_txt41');
INSERT INTO audits VALUES (42, 18, 'Ambulance Entity', 41, '2018-09-11 18:47:02', '2018-09-11 18:52:02', '2018-09-29', 'audition_txt41');
INSERT INTO audits VALUES (42, 15, 'Army Entity', 41, '2018-09-11 18:47:02', '2018-09-11 18:52:02', '2018-09-29', 'audition_txt41');
INSERT INTO audits VALUES (44, 16, 'Police Entity', 43, '2018-09-30 04:42:10', '2018-09-30 04:47:10', '2018-09-25', 'audition_txt43');
INSERT INTO audits VALUES (44, 13, 'Ambulance Entity', 43, '2018-09-30 04:42:10', '2018-09-30 04:47:10', '2018-09-25', 'audition_txt43');
INSERT INTO audits VALUES (44, 1, 'Army Entity', 43, '2018-09-30 04:42:10', '2018-09-30 04:47:10', '2018-09-25', 'audition_txt43');
INSERT INTO audits VALUES (46, 9, 'Police Entity', 45, '2018-07-04 08:14:21', '2018-07-04 08:19:21', '2018-09-22', 'audition_txt45');
INSERT INTO audits VALUES (46, 22, 'Ambulance Entity', 45, '2018-07-04 08:14:21', '2018-07-04 08:19:21', '2018-09-22', 'audition_txt45');
INSERT INTO audits VALUES (46, 5, 'Army Entity', 45, '2018-07-04 08:14:21', '2018-07-04 08:19:21', '2018-09-22', 'audition_txt45');
INSERT INTO audits VALUES (48, 18, 'Police Entity', 47, '2018-09-30 15:35:24', '2018-09-30 15:40:24', '2018-09-23', 'audition_txt47');
INSERT INTO audits VALUES (48, 20, 'Army Entity', 47, '2018-09-30 15:35:24', '2018-09-30 15:40:24', '2018-09-23', 'audition_txt47');
INSERT INTO audits VALUES (48, 15, 'Firefighter Entity', 47, '2018-09-30 15:35:24', '2018-09-30 15:40:24', '2018-09-23', 'audition_txt47');
INSERT INTO audits VALUES (50, 22, 'Police Entity', 49, '2018-08-13 21:48:06', '2018-08-13 21:53:06', '2018-09-16', 'audition_txt49');
INSERT INTO audits VALUES (50, 2, 'Army Entity', 49, '2018-08-13 21:48:06', '2018-08-13 21:53:06', '2018-09-16', 'audition_txt49');
INSERT INTO audits VALUES (50, 13, 'Firefighter Entity', 49, '2018-08-13 21:48:06', '2018-08-13 21:53:06', '2018-09-16', 'audition_txt49');
INSERT INTO audits VALUES (52, 11, 'Police Entity', 51, '2018-08-26 00:21:29', '2018-08-26 00:26:29', '2018-09-04', 'audition_txt51');
INSERT INTO audits VALUES (52, 25, 'Ambulance Entity', 51, '2018-08-26 00:21:29', '2018-08-26 00:26:29', '2018-09-04', 'audition_txt51');
INSERT INTO audits VALUES (54, 8, 'Police Entity', 53, '2018-07-03 14:36:15', '2018-07-03 14:41:15', '2018-09-12', 'audition_txt53');
INSERT INTO audits VALUES (54, 21, 'Ambulance Entity', 53, '2018-07-03 14:36:15', '2018-07-03 14:41:15', '2018-09-12', 'audition_txt53');
INSERT INTO audits VALUES (54, 5, 'Army Entity', 53, '2018-07-03 14:36:15', '2018-07-03 14:41:15', '2018-09-12', 'audition_txt53');
INSERT INTO audits VALUES (56, 4, 'Police Entity', 55, '2018-07-01 14:30:38', '2018-07-01 14:35:38', '2018-09-22', 'audition_txt55');
INSERT INTO audits VALUES (56, 5, 'Ambulance Entity', 55, '2018-07-01 14:30:38', '2018-07-01 14:35:38', '2018-09-22', 'audition_txt55');
INSERT INTO audits VALUES (56, 5, 'Firefighter Entity', 55, '2018-07-01 14:30:38', '2018-07-01 14:35:38', '2018-09-22', 'audition_txt55');
INSERT INTO audits VALUES (58, 20, 'Police Entity', 57, '2018-08-07 03:27:41', '2018-08-07 03:32:41', '2018-09-29', 'audition_txt57');
INSERT INTO audits VALUES (58, 10, 'Ambulance Entity', 57, '2018-08-07 03:27:41', '2018-08-07 03:32:41', '2018-09-29', 'audition_txt57');
INSERT INTO audits VALUES (58, 22, 'Firefighter Entity', 57, '2018-08-07 03:27:41', '2018-08-07 03:32:41', '2018-09-29', 'audition_txt57');
INSERT INTO audits VALUES (60, 11, 'Police Entity', 59, '2018-07-01 12:10:00', '2018-07-01 12:15:00', '2018-09-11', 'audition_txt59');
INSERT INTO audits VALUES (60, 14, 'Army Entity', 59, '2018-07-01 12:10:00', '2018-07-01 12:15:00', '2018-09-11', 'audition_txt59');
INSERT INTO audits VALUES (62, 16, 'Police Entity', 61, '2018-09-21 00:38:45', '2018-09-21 00:43:45', '2018-09-25', 'audition_txt61');
INSERT INTO audits VALUES (62, 20, 'Ambulance Entity', 61, '2018-09-21 00:38:45', '2018-09-21 00:43:45', '2018-09-25', 'audition_txt61');
INSERT INTO audits VALUES (62, 4, 'Firefighter Entity', 61, '2018-09-21 00:38:45', '2018-09-21 00:43:45', '2018-09-25', 'audition_txt61');
INSERT INTO audits VALUES (64, 4, 'Police Entity', 63, '2018-09-27 10:24:12', '2018-09-27 10:29:12', '2018-09-04', 'audition_txt63');
INSERT INTO audits VALUES (64, 26, 'Army Entity', 63, '2018-09-27 10:24:12', '2018-09-27 10:29:12', '2018-09-04', 'audition_txt63');
INSERT INTO audits VALUES (64, 10, 'Firefighter Entity', 63, '2018-09-27 10:24:12', '2018-09-27 10:29:12', '2018-09-04', 'audition_txt63');
INSERT INTO audits VALUES (66, 18, 'Police Entity', 65, '2018-09-22 11:50:59', '2018-09-22 11:55:59', '2018-09-04', 'audition_txt65');
INSERT INTO audits VALUES (66, 21, 'Ambulance Entity', 65, '2018-09-22 11:50:59', '2018-09-22 11:55:59', '2018-09-04', 'audition_txt65');
INSERT INTO audits VALUES (68, 16, 'Police Entity', 67, '2018-07-30 03:33:42', '2018-07-30 03:38:42', '2018-09-24', 'audition_txt67');
INSERT INTO audits VALUES (68, 19, 'Firefighter Entity', 67, '2018-07-30 03:33:42', '2018-07-30 03:38:42', '2018-09-24', 'audition_txt67');
INSERT INTO audits VALUES (70, 21, 'Police Entity', 69, '2018-09-09 16:54:22', '2018-09-09 16:59:22', '2018-09-06', 'audition_txt69');
INSERT INTO audits VALUES (70, 19, 'Ambulance Entity', 69, '2018-09-09 16:54:22', '2018-09-09 16:59:22', '2018-09-06', 'audition_txt69');
INSERT INTO audits VALUES (72, 9, 'Police Entity', 71, '2018-07-05 07:22:31', '2018-07-05 07:27:31', '2018-09-07', 'audition_txt71');
INSERT INTO audits VALUES (72, 1, 'Ambulance Entity', 71, '2018-07-05 07:22:31', '2018-07-05 07:27:31', '2018-09-07', 'audition_txt71');
INSERT INTO audits VALUES (72, 25, 'Army Entity', 71, '2018-07-05 07:22:31', '2018-07-05 07:27:31', '2018-09-07', 'audition_txt71');
INSERT INTO audits VALUES (74, 4, 'Police Entity', 73, '2018-09-28 22:52:26', '2018-09-28 22:57:26', '2018-09-29', 'audition_txt73');
INSERT INTO audits VALUES (74, 20, 'Army Entity', 73, '2018-09-28 22:52:26', '2018-09-28 22:57:26', '2018-09-29', 'audition_txt73');
INSERT INTO audits VALUES (76, 25, 'Police Entity', 75, '2018-07-29 08:47:34', '2018-07-29 08:52:34', '2018-09-23', 'audition_txt75');
INSERT INTO audits VALUES (76, 5, 'Ambulance Entity', 75, '2018-07-29 08:47:34', '2018-07-29 08:52:34', '2018-09-23', 'audition_txt75');
INSERT INTO audits VALUES (76, 1, 'Firefighter Entity', 75, '2018-07-29 08:47:34', '2018-07-29 08:52:34', '2018-09-23', 'audition_txt75');
INSERT INTO audits VALUES (78, 10, 'Police Entity', 77, '2018-07-03 06:31:37', '2018-07-03 06:36:37', '2018-09-14', 'audition_txt77');
INSERT INTO audits VALUES (78, 9, 'Ambulance Entity', 77, '2018-07-03 06:31:37', '2018-07-03 06:36:37', '2018-09-14', 'audition_txt77');
INSERT INTO audits VALUES (80, 4, 'Police Entity', 79, '2018-09-17 00:17:02', '2018-09-17 00:22:02', '2018-09-11', 'audition_txt79');
INSERT INTO audits VALUES (80, 6, 'Firefighter Entity', 79, '2018-09-17 00:17:02', '2018-09-17 00:22:02', '2018-09-11', 'audition_txt79');
INSERT INTO audits VALUES (82, 24, 'Police Entity', 81, '2018-08-05 12:24:09', '2018-08-05 12:29:09', '2018-09-21', 'audition_txt81');
INSERT INTO audits VALUES (82, 23, 'Army Entity', 81, '2018-08-05 12:24:09', '2018-08-05 12:29:09', '2018-09-21', 'audition_txt81');
INSERT INTO audits VALUES (82, 9, 'Firefighter Entity', 81, '2018-08-05 12:24:09', '2018-08-05 12:29:09', '2018-09-21', 'audition_txt81');
INSERT INTO audits VALUES (84, 14, 'Police Entity', 83, '2018-08-22 09:18:48', '2018-08-22 09:23:48', '2018-09-09', 'audition_txt83');
INSERT INTO audits VALUES (84, 13, 'Ambulance Entity', 83, '2018-08-22 09:18:48', '2018-08-22 09:23:48', '2018-09-09', 'audition_txt83');
INSERT INTO audits VALUES (84, 6, 'Army Entity', 83, '2018-08-22 09:18:48', '2018-08-22 09:23:48', '2018-09-09', 'audition_txt83');
INSERT INTO audits VALUES (86, 12, 'Police Entity', 85, '2018-09-17 20:45:11', '2018-09-17 20:50:11', '2018-09-29', 'audition_txt85');
INSERT INTO audits VALUES (86, 12, 'Army Entity', 85, '2018-09-17 20:45:11', '2018-09-17 20:50:11', '2018-09-29', 'audition_txt85');
INSERT INTO audits VALUES (86, 18, 'Firefighter Entity', 85, '2018-09-17 20:45:11', '2018-09-17 20:50:11', '2018-09-29', 'audition_txt85');
INSERT INTO audits VALUES (88, 6, 'Police Entity', 87, '2018-08-06 12:38:08', '2018-08-06 12:43:08', '2018-09-20', 'audition_txt87');
INSERT INTO audits VALUES (88, 26, 'Army Entity', 87, '2018-08-06 12:38:08', '2018-08-06 12:43:08', '2018-09-20', 'audition_txt87');
INSERT INTO audits VALUES (90, 18, 'Police Entity', 89, '2018-07-12 00:54:50', '2018-07-12 00:59:50', '2018-09-08', 'audition_txt89');
INSERT INTO audits VALUES (90, 16, 'Army Entity', 89, '2018-07-12 00:54:50', '2018-07-12 00:59:50', '2018-09-08', 'audition_txt89');
INSERT INTO audits VALUES (92, 23, 'Police Entity', 91, '2018-08-30 02:50:49', '2018-08-30 02:55:49', '2018-09-08', 'audition_txt91');
INSERT INTO audits VALUES (92, 21, 'Army Entity', 91, '2018-08-30 02:50:49', '2018-08-30 02:55:49', '2018-09-08', 'audition_txt91');
INSERT INTO audits VALUES (92, 21, 'Firefighter Entity', 91, '2018-08-30 02:50:49', '2018-08-30 02:55:49', '2018-09-08', 'audition_txt91');
INSERT INTO audits VALUES (94, 20, 'Police Entity', 93, '2018-08-28 18:29:27', '2018-08-28 18:34:27', '2018-09-24', 'audition_txt93');
INSERT INTO audits VALUES (94, 20, 'Ambulance Entity', 93, '2018-08-28 18:29:27', '2018-08-28 18:34:27', '2018-09-24', 'audition_txt93');
INSERT INTO audits VALUES (94, 11, 'Firefighter Entity', 93, '2018-08-28 18:29:27', '2018-08-28 18:34:27', '2018-09-24', 'audition_txt93');
INSERT INTO audits VALUES (96, 9, 'Police Entity', 95, '2018-06-16 16:30:19', '2018-06-16 16:35:19', '2018-09-14', 'audition_txt95');
INSERT INTO audits VALUES (96, 15, 'Ambulance Entity', 95, '2018-06-16 16:30:19', '2018-06-16 16:35:19', '2018-09-14', 'audition_txt95');
INSERT INTO audits VALUES (96, 7, 'Army Entity', 95, '2018-06-16 16:30:19', '2018-06-16 16:35:19', '2018-09-14', 'audition_txt95');
INSERT INTO audits VALUES (98, 1, 'Police Entity', 97, '2018-06-06 19:21:05', '2018-06-06 19:26:05', '2018-09-30', 'audition_txt97');
INSERT INTO audits VALUES (98, 27, 'Ambulance Entity', 97, '2018-06-06 19:21:05', '2018-06-06 19:26:05', '2018-09-30', 'audition_txt97');
INSERT INTO audits VALUES (98, 11, 'Firefighter Entity', 97, '2018-06-06 19:21:05', '2018-06-06 19:26:05', '2018-09-30', 'audition_txt97');
INSERT INTO audits VALUES (100, 4, 'Police Entity', 99, '2018-08-17 09:21:04', '2018-08-17 09:26:04', '2018-09-15', 'audition_txt99');
INSERT INTO audits VALUES (100, 11, 'Ambulance Entity', 99, '2018-08-17 09:21:04', '2018-08-17 09:26:04', '2018-09-15', 'audition_txt99');
INSERT INTO audits VALUES (100, 5, 'Army Entity', 99, '2018-08-17 09:21:04', '2018-08-17 09:26:04', '2018-09-15', 'audition_txt99');

INSERT INTO requests VALUES (1, '2018-07-05 20:41:44', 1, '2018-07-05 20:41:44', '2018-07-05 20:46:44');
INSERT INTO requests VALUES (2, '2018-07-20 10:24:16', 2, '2018-07-20 10:24:16', '2018-07-20 10:29:16');
INSERT INTO requests VALUES (3, '2018-06-30 14:28:20', 3, '2018-06-30 14:28:20', '2018-06-30 14:33:20');
INSERT INTO requests VALUES (4, '2018-06-08 00:11:06', 4, '2018-06-08 00:11:06', '2018-06-08 00:16:06');
INSERT INTO requests VALUES (5, '2018-06-28 00:32:35', 5, '2018-06-28 00:32:35', '2018-06-28 00:37:35');
INSERT INTO requests VALUES (6, '2018-06-05 07:47:03', 6, '2018-06-05 07:47:03', '2018-06-05 07:52:03');
INSERT INTO requests VALUES (7, '2018-09-23 21:23:20', 7, '2018-09-23 21:23:20', '2018-09-23 21:28:20');
INSERT INTO requests VALUES (8, '2018-06-14 16:46:09', 8, '2018-06-14 16:46:09', '2018-06-14 16:51:09');
INSERT INTO requests VALUES (9, '2018-07-04 15:32:44', 9, '2018-07-04 15:32:44', '2018-07-04 15:37:44');
INSERT INTO requests VALUES (10, '2018-09-18 05:52:28', 10, '2018-09-18 05:52:28', '2018-09-18 05:57:28');
INSERT INTO requests VALUES (11, '2018-08-13 05:15:15', 11, '2018-08-13 05:15:15', '2018-08-13 05:20:15');
INSERT INTO requests VALUES (12, '2018-06-11 08:16:57', 12, '2018-06-11 08:16:57', '2018-06-11 08:21:57');
INSERT INTO requests VALUES (13, '2018-07-08 15:30:57', 13, '2018-07-08 15:30:57', '2018-07-08 15:35:57');
INSERT INTO requests VALUES (14, '2018-08-23 03:30:57', 14, '2018-08-23 03:30:57', '2018-08-23 03:35:57');
INSERT INTO requests VALUES (15, '2018-07-22 16:24:09', 15, '2018-07-22 16:24:09', '2018-07-22 16:29:09');
INSERT INTO requests VALUES (16, '2018-08-29 22:22:29', 16, '2018-08-29 22:22:29', '2018-08-29 22:27:29');
INSERT INTO requests VALUES (17, '2018-06-15 07:35:31', 17, '2018-06-15 07:35:31', '2018-06-15 07:40:31');
INSERT INTO requests VALUES (18, '2018-08-05 07:25:15', 18, '2018-08-05 07:25:15', '2018-08-05 07:30:15');
INSERT INTO requests VALUES (19, '2018-09-24 00:16:29', 19, '2018-09-24 00:16:29', '2018-09-24 00:21:29');
INSERT INTO requests VALUES (20, '2018-08-07 02:54:30', 20, '2018-08-07 02:54:30', '2018-08-07 02:59:30');
INSERT INTO requests VALUES (21, '2018-07-22 21:48:27', 21, '2018-07-22 21:48:27', '2018-07-22 21:53:27');
INSERT INTO requests VALUES (22, '2018-07-24 00:31:49', 22, '2018-07-24 00:31:49', '2018-07-24 00:36:49');
INSERT INTO requests VALUES (23, '2018-06-08 05:49:45', 23, '2018-06-08 05:49:45', '2018-06-08 05:54:45');
INSERT INTO requests VALUES (24, '2018-07-15 22:11:58', 24, '2018-07-15 22:11:58', '2018-07-15 22:16:58');
INSERT INTO requests VALUES (25, '2018-09-29 01:33:31', 25, '2018-09-29 01:33:31', '2018-09-29 01:38:31');
INSERT INTO requests VALUES (26, '2018-06-06 04:50:50', 26, '2018-06-06 04:50:50', '2018-06-06 04:55:50');
INSERT INTO requests VALUES (27, '2018-09-23 08:22:20', 27, '2018-09-23 08:22:20', '2018-09-23 08:27:20');
INSERT INTO requests VALUES (28, '2018-09-23 15:18:42', 28, '2018-09-23 15:18:42', '2018-09-23 15:23:42');
INSERT INTO requests VALUES (29, '2018-07-22 17:10:52', 29, '2018-07-22 17:10:52', '2018-07-22 17:15:52');
INSERT INTO requests VALUES (30, '2018-06-12 07:23:29', 30, '2018-06-12 07:23:29', '2018-06-12 07:28:29');
INSERT INTO requests VALUES (31, '2018-07-27 05:42:20', 31, '2018-07-27 05:42:20', '2018-07-27 05:47:20');
INSERT INTO requests VALUES (32, '2018-09-24 02:25:08', 32, '2018-09-24 02:25:08', '2018-09-24 02:30:08');
INSERT INTO requests VALUES (33, '2018-09-09 07:40:38', 33, '2018-09-09 07:40:38', '2018-09-09 07:45:38');
INSERT INTO requests VALUES (34, '2018-07-12 13:16:36', 34, '2018-07-12 13:16:36', '2018-07-12 13:21:36');
INSERT INTO requests VALUES (35, '2018-07-23 10:44:11', 35, '2018-07-23 10:44:11', '2018-07-23 10:49:11');
INSERT INTO requests VALUES (36, '2018-08-18 15:23:24', 36, '2018-08-18 15:23:24', '2018-08-18 15:28:24');
INSERT INTO requests VALUES (37, '2018-08-21 18:44:10', 37, '2018-08-21 18:44:10', '2018-08-21 18:49:10');
INSERT INTO requests VALUES (38, '2018-09-28 14:45:37', 38, '2018-09-28 14:45:37', '2018-09-28 14:50:37');
INSERT INTO requests VALUES (39, '2018-08-05 18:45:17', 39, '2018-08-05 18:45:17', '2018-08-05 18:50:17');
INSERT INTO requests VALUES (40, '2018-07-26 23:11:06', 40, '2018-07-26 23:11:06', '2018-07-26 23:16:06');
INSERT INTO requests VALUES (41, '2018-07-03 02:35:11', 41, '2018-07-03 02:35:11', '2018-07-03 02:40:11');
INSERT INTO requests VALUES (42, '2018-09-11 18:47:02', 42, '2018-09-11 18:47:02', '2018-09-11 18:52:02');
INSERT INTO requests VALUES (43, '2018-06-20 02:31:42', 43, '2018-06-20 02:31:42', '2018-06-20 02:36:42');
INSERT INTO requests VALUES (44, '2018-09-30 04:42:10', 44, '2018-09-30 04:42:10', '2018-09-30 04:47:10');
INSERT INTO requests VALUES (45, '2018-07-17 23:37:08', 45, '2018-07-17 23:37:08', '2018-07-17 23:42:08');
INSERT INTO requests VALUES (46, '2018-07-04 08:14:21', 46, '2018-07-04 08:14:21', '2018-07-04 08:19:21');
INSERT INTO requests VALUES (47, '2018-09-10 01:28:32', 47, '2018-09-10 01:28:32', '2018-09-10 01:33:32');
INSERT INTO requests VALUES (48, '2018-09-30 15:35:24', 48, '2018-09-30 15:35:24', '2018-09-30 15:40:24');
INSERT INTO requests VALUES (49, '2018-09-17 19:30:02', 49, '2018-09-17 19:30:02', '2018-09-17 19:35:02');
INSERT INTO requests VALUES (50, '2018-08-13 21:48:06', 50, '2018-08-13 21:48:06', '2018-08-13 21:53:06');
INSERT INTO requests VALUES (51, '2018-09-17 08:19:52', 51, '2018-09-17 08:19:52', '2018-09-17 08:24:52');
INSERT INTO requests VALUES (52, '2018-08-26 00:21:29', 52, '2018-08-26 00:21:29', '2018-08-26 00:26:29');
INSERT INTO requests VALUES (53, '2018-08-25 04:20:42', 53, '2018-08-25 04:20:42', '2018-08-25 04:25:42');
INSERT INTO requests VALUES (54, '2018-07-03 14:36:15', 54, '2018-07-03 14:36:15', '2018-07-03 14:41:15');
INSERT INTO requests VALUES (55, '2018-06-06 17:33:49', 55, '2018-06-06 17:33:49', '2018-06-06 17:38:49');
INSERT INTO requests VALUES (56, '2018-07-01 14:30:38', 56, '2018-07-01 14:30:38', '2018-07-01 14:35:38');
INSERT INTO requests VALUES (57, '2018-09-25 02:39:36', 57, '2018-09-25 02:39:36', '2018-09-25 02:44:36');
INSERT INTO requests VALUES (58, '2018-08-07 03:27:41', 58, '2018-08-07 03:27:41', '2018-08-07 03:32:41');
INSERT INTO requests VALUES (59, '2018-08-03 14:16:11', 59, '2018-08-03 14:16:11', '2018-08-03 14:21:11');
INSERT INTO requests VALUES (60, '2018-07-01 12:10:00', 60, '2018-07-01 12:10:00', '2018-07-01 12:15:00');
INSERT INTO requests VALUES (61, '2018-08-12 10:49:48', 61, '2018-08-12 10:49:48', '2018-08-12 10:54:48');
INSERT INTO requests VALUES (62, '2018-09-21 00:38:45', 62, '2018-09-21 00:38:45', '2018-09-21 00:43:45');
INSERT INTO requests VALUES (63, '2018-09-03 21:47:40', 63, '2018-09-03 21:47:40', '2018-09-03 21:52:40');
INSERT INTO requests VALUES (64, '2018-09-27 10:24:12', 64, '2018-09-27 10:24:12', '2018-09-27 10:29:12');
INSERT INTO requests VALUES (65, '2018-06-09 22:48:56', 65, '2018-06-09 22:48:56', '2018-06-09 22:53:56');
INSERT INTO requests VALUES (66, '2018-09-22 11:50:59', 66, '2018-09-22 11:50:59', '2018-09-22 11:55:59');
INSERT INTO requests VALUES (67, '2018-07-23 19:14:35', 67, '2018-07-23 19:14:35', '2018-07-23 19:19:35');
INSERT INTO requests VALUES (68, '2018-07-30 03:33:42', 68, '2018-07-30 03:33:42', '2018-07-30 03:38:42');
INSERT INTO requests VALUES (69, '2018-09-09 05:45:59', 69, '2018-09-09 05:45:59', '2018-09-09 05:50:59');
INSERT INTO requests VALUES (70, '2018-09-09 16:54:22', 70, '2018-09-09 16:54:22', '2018-09-09 16:59:22');
INSERT INTO requests VALUES (71, '2018-08-28 10:18:37', 71, '2018-08-28 10:18:37', '2018-08-28 10:23:37');
INSERT INTO requests VALUES (72, '2018-07-05 07:22:31', 72, '2018-07-05 07:22:31', '2018-07-05 07:27:31');
INSERT INTO requests VALUES (73, '2018-09-27 03:16:59', 73, '2018-09-27 03:16:59', '2018-09-27 03:21:59');
INSERT INTO requests VALUES (74, '2018-09-28 22:52:26', 74, '2018-09-28 22:52:26', '2018-09-28 22:57:26');
INSERT INTO requests VALUES (75, '2018-07-30 19:24:33', 75, '2018-07-30 19:24:33', '2018-07-30 19:29:33');
INSERT INTO requests VALUES (76, '2018-07-29 08:47:34', 76, '2018-07-29 08:47:34', '2018-07-29 08:52:34');
INSERT INTO requests VALUES (77, '2018-07-26 13:44:55', 77, '2018-07-26 13:44:55', '2018-07-26 13:49:55');
INSERT INTO requests VALUES (78, '2018-07-03 06:31:37', 78, '2018-07-03 06:31:37', '2018-07-03 06:36:37');
INSERT INTO requests VALUES (79, '2018-06-24 07:19:26', 79, '2018-06-24 07:19:26', '2018-06-24 07:24:26');
INSERT INTO requests VALUES (80, '2018-09-17 00:17:02', 80, '2018-09-17 00:17:02', '2018-09-17 00:22:02');
INSERT INTO requests VALUES (81, '2018-08-24 06:21:19', 81, '2018-08-24 06:21:19', '2018-08-24 06:26:19');
INSERT INTO requests VALUES (82, '2018-08-05 12:24:09', 82, '2018-08-05 12:24:09', '2018-08-05 12:29:09');
INSERT INTO requests VALUES (83, '2018-07-24 11:34:20', 83, '2018-07-24 11:34:20', '2018-07-24 11:39:20');
INSERT INTO requests VALUES (84, '2018-08-22 09:18:48', 84, '2018-08-22 09:18:48', '2018-08-22 09:23:48');
INSERT INTO requests VALUES (85, '2018-06-23 07:13:59', 85, '2018-06-23 07:13:59', '2018-06-23 07:18:59');
INSERT INTO requests VALUES (86, '2018-09-17 20:45:11', 86, '2018-09-17 20:45:11', '2018-09-17 20:50:11');
INSERT INTO requests VALUES (87, '2018-07-01 02:10:21', 87, '2018-07-01 02:10:21', '2018-07-01 02:15:21');
INSERT INTO requests VALUES (88, '2018-08-06 12:38:08', 88, '2018-08-06 12:38:08', '2018-08-06 12:43:08');
INSERT INTO requests VALUES (89, '2018-06-14 01:16:19', 89, '2018-06-14 01:16:19', '2018-06-14 01:21:19');
INSERT INTO requests VALUES (90, '2018-07-12 00:54:50', 90, '2018-07-12 00:54:50', '2018-07-12 00:59:50');
INSERT INTO requests VALUES (91, '2018-08-03 05:34:07', 91, '2018-08-03 05:34:07', '2018-08-03 05:39:07');
INSERT INTO requests VALUES (92, '2018-08-30 02:50:49', 92, '2018-08-30 02:50:49', '2018-08-30 02:55:49');
INSERT INTO requests VALUES (93, '2018-07-04 12:38:42', 93, '2018-07-04 12:38:42', '2018-07-04 12:43:42');
INSERT INTO requests VALUES (94, '2018-08-28 18:29:27', 94, '2018-08-28 18:29:27', '2018-08-28 18:34:27');
INSERT INTO requests VALUES (95, '2018-06-10 14:49:06', 95, '2018-06-10 14:49:06', '2018-06-10 14:54:06');
INSERT INTO requests VALUES (96, '2018-06-16 16:30:19', 96, '2018-06-16 16:30:19', '2018-06-16 16:35:19');
INSERT INTO requests VALUES (97, '2018-09-10 16:13:35', 97, '2018-09-10 16:13:35', '2018-09-10 16:18:35');
INSERT INTO requests VALUES (98, '2018-06-06 19:21:05', 98, '2018-06-06 19:21:05', '2018-06-06 19:26:05');
INSERT INTO requests VALUES (99, '2018-08-12 21:17:22', 99, '2018-08-12 21:17:22', '2018-08-12 21:22:22');
INSERT INTO requests VALUES (100, '2018-08-17 09:21:04', 100, '2018-08-17 09:21:04', '2018-08-17 09:26:04');
